assembly_id	Ribosomal_L14	Ribosomal_L15e	Ribosomal_L16	Ribosomal_L18	Ribosomal_L22	ribosomal_L24	Ribosomal_L2	Ribosomal_L3	Ribosomal_L4	Ribosomal_L5	Ribosomal_L6	Ribosomal_S10	Ribosomal_S17	Ribosomal_S19	Ribosomal_S3_C	Ribosomal_S8
GCA_000008085.1	1	1	1	0	1	0	1	1	1	1	1	1	1	1	1	1
GCA_000436195.1	1	0	1	0	1	1	1	1	1	1	1	1	1	1	1	1
GCA_000403035.1	1	0	1	0	1	1	1	1	1	1	1	1	1	1	1	1
GCA_000987045.1	1	0	1	0	1	1	1	1	1	1	1	1	1	1	1	1
GCA_000990575.1	1	0	1	0	1	1	1	1	1	1	1	1	1	1	1	1
GCA_000798955.1	1	0	1	0	1	1	1	1	1	1	1	1	1	1	1	1
GCA_000991445.1	1	0	1	0	1	1	1	1	1	1	1	1	1	1	1	1
GCA_000992395.1	1	0	1	0	1	1	1	1	1	1	1	1	1	1	1	1
GCA_000992445.2	1	0	1	0	1	1	1	1	1	1	1	1	1	1	1	1
GCA_000992725.1	1	0	1	0	1	1	1	1	1	1	1	1	1	1	1	1
GCA_000994805.1	1	0	1	0	1	1	1	1	1	1	1	1	1	1	1	1
GCA_000996085.1	1	0	1	0	1	1	1	1	1	1	1	1	1	1	1	1
GCA_001000215.1	1	0	1	0	1	1	1	1	1	1	1	1	1	1	1	1
GCA_001002645.1	1	0	1	0	1	1	1	1	1	1	1	1	1	1	1	1
GCA_001302725.1	1	0	1	0	1	1	1	1	1	1	1	1	1	1	0	1
GCA_001302825.1	1	0	1	0	1	1	1	1	1	1	1	1	1	1	1	1
GCA_001302835.1	1	0	1	0	1	1	1	1	1	1	1	1	1	1	1	1
GCA_001303885.1	1	0	1	0	1	1	1	1	0	1	1	1	1	1	1	1
GCA_001304015.1	1	0	1	0	1	1	1	0	1	1	1	1	1	1	1	1
GCA_001304035.1	1	0	1	0	1	1	1	1	1	1	1	1	1	1	1	1
GCA_001304365.1	2	0	1	0	1	2	0	0	0	2	1	0	1	1	1	2
GCA_001443005.1	1	0	1	0	1	1	1	1	1	1	1	1	1	1	1	1
GCA_001462255.1	1	0	1	0	1	1	1	1	1	1	1	1	1	1	1	1
GCA_001512605.1	1	0	1	0	1	1	1	1	1	1	1	1	1	1	1	1
GCA_001513335.1	1	0	1	0	1	1	1	1	1	1	1	1	1	1	1	1
GCA_001515205.2	1	1	1	1	1	0	1	1	1	1	1	1	1	1	1	1
GCA_001567305.1	1	0	1	0	1	1	0	1	2	1	1	1	1	1	1	1
GCA_001577715.1	1	0	1	0	1	1	1	1	1	1	1	1	1	1	1	1
GCA_001586195.1	1	0	1	0	1	1	1	1	1	1	1	1	1	1	1	1
GCA_001664005.1	1	0	1	0	1	1	1	1	1	1	1	1	1	1	1	1
GCA_001664505.1	1	0	1	0	1	1	1	1	1	1	1	1	1	1	1	1
GCA_001717015.1	1	1	1	1	1	0	1	1	1	1	1	1	1	1	1	1
GCA_001723845.1	1	0	1	1	1	0	1	1	1	0	1	1	1	1	1	1
GCA_001723995.1	1	0	1	0	1	1	0	0	0	1	1	0	1	1	1	1
GCA_001627735.1	0	0	0	0	0	0	0	1	0	0	0	0	0	0	0	0
GCA_001725215.1	1	0	1	0	1	1	1	1	1	1	1	1	1	1	1	1
GCA_001730085.1	3	0	5	0	1	1	2	1	1	1	1	1	1	1	3	1
GCA_001751015.1	1	0	1	0	1	1	1	1	1	1	1	0	1	1	1	1
GCA_001766815.1	1	1	1	0	1	0	1	1	1	1	1	1	1	1	1	1
GCA_001768675.1	1	0	1	0	1	1	1	1	1	0	1	1	1	1	1	1
GCA_001769355.1	1	0	1	0	1	0	1	1	1	1	1	1	1	1	1	1
GCA_001771285.1	1	0	1	0	1	1	1	1	1	1	1	1	1	1	1	1
GCA_001771705.1	1	0	1	0	1	1	1	1	0	1	1	1	1	1	1	1
GCA_001772665.1	1	0	1	0	1	1	1	1	1	1	1	1	1	1	1	1
GCA_001750645.1	1	0	1	0	1	1	1	1	1	1	1	1	1	1	1	1
GCA_001773455.1	1	0	1	0	1	1	1	1	1	1	1	1	1	1	1	1
GCA_001775095.1	1	0	1	0	1	1	1	1	1	1	1	1	1	1	1	1
GCA_001776975.1	1	0	1	0	1	1	1	1	1	1	1	1	1	1	1	1
GCA_001777895.1	1	0	1	0	1	1	1	1	1	1	0	1	1	0	1	1
GCA_001778095.1	1	0	1	0	1	1	1	1	1	1	1	1	1	1	1	1
GCA_001778465.1	1	0	1	0	1	1	1	1	1	1	1	1	1	1	1	1
GCA_001780145.1	1	0	1	0	1	1	1	1	1	1	1	1	1	1	1	1
GCA_001782335.1	1	0	1	0	1	1	0	1	1	1	1	1	1	1	1	1
GCA_001782795.1	0	0	0	0	1	0	1	1	0	0	1	1	0	1	1	0
GCA_001788965.1	1	0	1	0	1	1	0	1	1	1	1	1	1	1	1	1
GCA_001790675.1	1	0	1	0	1	1	1	1	1	1	1	1	1	1	1	1
GCA_001789805.1	1	0	1	0	1	1	0	1	1	1	1	1	1	1	1	1
GCA_001790815.1	1	0	1	0	1	1	1	1	1	1	1	1	1	1	1	1
GCA_001790955.1	1	0	1	0	1	1	0	1	1	1	1	1	1	1	1	1
GCA_001791425.1	1	0	0	0	1	1	1	1	1	1	1	1	1	1	1	1
GCA_001791465.1	1	0	1	0	0	1	0	1	2	1	1	1	1	0	1	1
GCA_001792415.1	1	0	1	0	1	1	1	1	1	1	1	1	1	1	1	1
GCA_001794575.1	1	0	1	0	1	1	1	1	1	1	1	1	1	1	1	0
GCA_001798165.1	1	0	1	0	1	1	1	1	1	1	1	1	1	1	1	1
GCA_001797675.1	1	0	1	0	1	1	1	1	1	1	1	1	1	1	1	1
GCA_001798265.1	1	0	1	0	1	1	1	1	1	1	1	1	1	1	1	1
GCA_001799195.1	1	0	1	0	1	1	1	1	1	1	1	1	1	1	1	1
GCA_001800075.1	1	0	1	0	1	1	1	0	1	1	1	1	1	1	0	1
GCA_001800185.1	1	0	1	0	1	1	1	0	1	1	1	0	1	1	0	1
GCA_001800495.1	1	0	0	0	1	1	1	1	1	1	1	1	1	1	1	1
GCA_001800515.1	0	0	1	0	1	0	1	1	1	1	0	0	1	0	1	1
GCA_001801365.1	1	0	1	0	1	1	1	1	1	1	1	1	1	1	1	1
GCA_001801435.1	1	0	1	0	1	1	1	1	1	1	1	1	1	1	1	1
GCA_001801695.1	1	0	1	0	1	1	1	1	1	1	1	1	1	1	1	1
GCA_001804165.1	1	0	1	0	1	1	1	1	1	1	1	1	1	1	1	1
GCA_001804945.1	1	0	1	0	1	1	1	1	1	1	1	1	1	1	1	1
GCA_001805165.1	1	0	1	0	1	1	1	1	1	1	1	1	1	1	1	1
GCA_001816835.1	1	0	1	0	1	1	1	1	1	1	1	1	1	1	1	1
GCA_001818285.1	1	0	1	0	1	1	1	1	1	1	1	1	1	1	1	1
GCA_001818755.1	1	0	1	0	1	1	1	1	1	1	1	1	1	1	1	1
GCA_001819535.1	1	0	1	0	1	1	1	1	1	1	1	1	1	1	1	1
GCA_001821765.1	1	0	1	0	1	1	1	1	1	1	1	1	1	1	1	1
GCA_001820685.1	1	0	1	0	1	1	1	1	1	1	1	1	1	1	1	1
GCA_001824325.1	1	0	1	0	1	1	1	1	1	1	1	1	1	1	0	1
GCA_001824795.1	1	0	1	0	1	1	1	1	1	1	1	1	1	1	1	1
GCA_001871655.1	1	2	1	1	1	0	1	1	1	1	1	1	1	1	1	1
GCA_001829155.1	1	0	1	0	1	1	1	1	1	1	1	1	1	1	1	1
GCA_001871755.1	1	0	1	0	1	1	1	1	1	1	1	1	1	1	1	1
GCA_001871695.1	1	0	1	0	1	1	1	1	1	1	1	1	1	1	1	1
GCA_001871865.1	1	0	1	0	1	1	1	1	1	1	1	1	1	1	1	1
GCA_001872605.1	1	0	1	0	1	1	1	1	1	1	1	1	1	1	1	1
GCA_001872885.1	1	1	1	0	1	0	0	1	1	0	0	1	1	1	1	0
GCA_001889965.1	1	0	1	0	1	1	1	1	1	1	1	1	1	1	1	1
GCA_001873845.1	1	1	1	0	1	0	1	1	1	1	1	1	1	1	1	1
GCA_001897475.1	1	0	1	0	1	1	1	1	1	1	1	1	1	1	1	1
GCA_001898225.1	1	0	0	0	1	1	1	1	1	1	1	1	1	1	1	1
GCA_001918745.1	1	1	1	1	1	0	0	0	0	1	1	1	1	0	1	1
GCA_001919455.1	0	0	0	0	0	0	0	0	0	0	1	0	0	0	0	1
GCA_002010665.1	1	0	1	0	1	1	1	1	1	1	1	1	1	1	1	1
GCA_002010635.1	1	0	1	0	1	1	1	1	1	1	1	1	1	1	1	1
GCA_002011475.1	1	0	1	0	1	1	1	1	1	1	1	1	1	1	1	1
GCA_002049825.1	1	0	1	0	1	1	1	1	1	1	1	1	1	0	1	1
GCA_002059205.1	1	0	1	0	1	1	1	1	1	1	1	1	1	1	1	1
GCA_002068205.1	1	0	1	0	1	1	1	1	1	1	0	1	1	1	1	0
GCA_002010915.1	1	0	1	0	1	1	1	1	1	1	1	1	1	1	1	1
GCA_002069365.1	1	0	1	0	1	1	1	0	1	1	1	0	1	1	1	1
GCA_002069885.1	1	0	1	0	1	1	1	1	1	1	1	1	1	1	1	1
GCA_002070055.1	1	0	1	0	1	1	1	1	1	1	1	1	2	1	1	1
GCA_002070185.1	1	0	1	0	1	1	1	1	1	1	1	1	1	1	1	1
GCA_002070295.1	1	0	1	0	1	1	1	1	1	1	1	1	1	1	1	1
GCA_002070635.1	1	0	1	0	1	1	1	0	0	1	1	0	1	1	1	1
GCA_002070645.1	1	0	1	0	1	1	1	1	1	1	1	1	1	1	1	1
GCA_002071305.1	1	1	1	0	1	0	1	1	1	1	1	1	1	1	1	1
GCA_002084765.1	1	0	1	0	1	1	1	1	1	1	1	1	1	1	1	1
GCA_002085265.1	0	0	0	0	0	0	0	0	0	0	0	0	0	0	0	0
GCA_002085385.1	1	0	1	0	1	1	1	1	1	1	1	1	1	1	1	1
GCA_002085445.1	1	0	1	0	1	1	1	1	1	1	1	1	1	1	1	1
GCA_002159075.1	1	0	1	0	1	1	1	1	1	1	1	1	1	1	1	1
GCA_002083825.1	1	0	1	0	1	1	1	1	1	1	1	1	1	1	1	1
GCA_002167555.2	1	0	1	0	1	1	1	1	1	1	1	1	1	1	1	1
GCA_002167825.1	1	0	1	0	1	1	1	0	1	1	1	1	1	1	1	0
GCA_002238905.1	1	0	1	0	1	1	1	1	1	1	1	1	1	1	1	1
GCA_002254385.1	0	1	1	1	0	0	0	0	0	0	0	0	0	0	0	0
GCA_002238885.1	1	0	1	0	1	1	1	1	1	1	1	1	1	1	1	1
GCA_002255025.1	0	1	1	1	1	0	1	1	1	1	1	0	1	2	1	1
GCA_002256535.1	1	0	1	0	1	1	1	1	1	1	1	1	1	1	1	1
GCA_002281735.1	1	0	1	0	1	1	1	1	1	1	1	1	1	1	1	1
GCA_002285275.1	1	0	1	0	1	1	1	1	1	1	1	1	1	1	1	1
GCA_002293855.1	0	0	1	0	1	1	1	1	1	1	1	1	1	1	1	1
GCA_002295665.1	0	0	0	0	0	0	0	0	0	0	0	0	0	0	0	0
GCA_002295485.1	0	0	0	0	0	0	0	0	0	0	0	0	0	0	0	0
GCA_002299465.1	1	0	1	0	1	1	1	1	1	1	1	1	1	1	1	1
GCA_002298025.1	1	0	1	0	1	1	1	1	1	1	1	1	1	1	1	1
GCA_002307725.1	1	0	1	0	1	1	1	1	1	1	1	1	1	1	1	1
GCA_002313395.1	1	0	1	0	1	1	1	1	1	1	1	1	1	1	1	1
GCA_002320375.1	1	0	1	0	1	1	1	1	1	1	1	1	1	1	1	1
GCA_002313505.1	1	0	1	0	1	1	1	1	1	1	1	1	1	1	1	1
GCA_002320775.1	1	0	2	0	1	1	1	1	1	1	1	1	1	1	1	1
GCA_002322955.1	1	0	1	0	1	1	1	1	1	1	1	1	1	1	1	1
GCA_002327305.1	0	0	0	0	0	1	1	1	1	1	1	1	0	0	0	1
GCA_002320695.1	1	0	1	0	1	1	1	1	1	1	1	1	1	1	1	1
GCA_002328835.1	1	0	1	0	1	1	1	1	1	1	1	1	1	1	1	1
GCA_002329525.1	1	0	0	0	1	1	1	1	1	1	1	1	1	1	1	1
GCA_002329605.1	1	0	1	0	1	1	1	1	1	1	1	1	1	2	1	1
GCA_002335385.1	1	0	1	0	1	1	1	1	1	1	1	1	1	1	1	1
GCA_002335495.1	1	0	1	0	1	1	1	1	1	1	1	1	1	1	1	1
GCA_002339355.1	1	0	1	0	1	1	1	1	1	1	1	1	1	1	1	1
GCA_002340265.1	1	0	1	0	1	1	1	1	1	1	1	1	1	1	1	1
GCA_002343265.1	1	0	1	0	1	1	1	1	1	1	1	1	1	1	1	1
GCA_002340345.1	1	0	1	0	1	1	1	1	1	1	1	1	1	1	1	1
GCA_002345475.1	1	0	1	0	0	1	1	1	1	1	1	1	1	1	1	1
GCA_002345205.1	1	0	1	0	1	0	1	1	1	1	1	1	1	1	1	1
GCA_002347295.1	1	0	1	0	1	1	1	1	1	1	1	1	1	1	1	1
GCA_002348105.1	1	0	0	0	0	1	0	0	0	1	1	0	1	0	0	1
GCA_002346595.1	1	0	1	0	1	1	1	1	1	1	1	1	1	1	1	1
GCA_002352365.1	1	0	1	0	1	1	1	1	1	1	1	1	1	1	1	1
GCA_002352625.1	1	0	1	0	1	1	1	1	1	1	1	1	1	1	1	1
GCA_002352565.1	1	0	1	0	1	1	1	1	1	1	1	1	1	1	1	1
GCA_002352935.1	1	0	1	0	1	1	1	0	1	1	1	0	1	1	1	1
GCA_002359565.1	1	0	1	0	1	1	1	1	1	1	1	1	1	1	1	1
GCA_002352645.1	1	0	1	0	1	1	1	1	1	1	1	1	1	1	1	1
GCA_002366725.1	1	0	1	0	1	1	1	1	1	1	1	1	1	1	1	1
GCA_002366595.1	1	0	1	0	1	1	1	1	1	1	1	1	1	1	1	1
GCA_002366995.1	1	0	1	0	1	1	0	1	1	1	2	1	1	1	1	2
GCA_002371425.1	1	0	1	0	1	1	1	1	1	1	1	1	1	1	1	1
GCA_002376455.1	1	0	1	0	1	1	1	0	1	1	1	0	1	1	1	1
GCA_002375965.1	1	0	1	0	1	1	1	1	1	1	1	1	1	1	1	1
GCA_002391555.1	1	0	1	0	1	1	1	1	1	1	1	1	1	1	1	1
GCA_002389285.1	1	0	1	0	1	1	1	1	1	1	1	1	1	1	1	1
GCA_002392975.1	1	0	1	0	1	1	1	1	1	1	1	1	1	1	1	1
GCA_002394055.1	1	0	1	0	1	1	1	1	1	1	1	1	1	1	1	1
GCA_002398485.1	1	0	0	0	1	1	1	1	1	1	1	1	1	1	1	1
GCA_002397955.1	1	0	1	0	1	1	1	1	1	1	1	1	1	1	1	1
GCA_002401425.1	1	0	1	0	1	1	1	1	1	1	1	1	1	1	1	1
GCA_002402105.1	1	0	1	0	1	1	1	1	1	1	1	1	1	1	1	1
GCA_002400355.1	1	0	1	0	1	1	1	1	1	1	1	1	1	1	1	1
GCA_002402375.1	1	0	1	0	1	1	1	1	1	1	1	1	1	1	1	1
GCA_002408305.1	1	0	1	0	1	1	1	1	1	1	1	1	1	1	1	1
GCA_002404055.1	1	0	1	0	1	1	1	1	1	1	1	1	1	1	1	1
GCA_002409565.1	0	0	1	0	1	1	1	1	1	1	1	1	1	1	1	1
GCA_002410925.1	1	0	1	0	1	1	1	1	1	1	1	1	1	1	1	1
GCA_002410135.1	1	0	1	0	1	1	1	1	1	1	1	1	1	1	1	1
GCA_002411145.1	1	0	1	0	1	1	1	1	1	1	1	1	1	1	1	1
GCA_002411445.1	1	0	1	0	1	1	1	1	1	1	1	1	1	1	1	1
GCA_002418775.1	1	0	1	0	1	1	1	1	1	1	1	1	1	1	1	1
GCA_002423325.1	0	0	1	0	1	0	1	1	1	0	0	1	1	1	1	0
GCA_002413875.1	1	0	1	0	1	1	1	1	1	1	1	1	1	1	1	1
GCA_002424175.1	1	0	1	0	1	1	1	1	1	1	1	1	1	1	1	1
GCA_002426275.1	1	0	1	0	1	1	1	1	1	1	1	1	1	1	1	1
GCA_002426705.1	1	0	1	0	1	1	1	1	1	1	1	1	1	1	1	1
GCA_002426645.1	1	0	1	0	1	1	1	1	1	1	1	1	1	1	1	1
GCA_002427435.1	1	0	1	0	1	1	1	1	1	1	1	1	1	1	1	1
GCA_002428325.1	1	0	1	0	1	1	1	1	1	1	1	1	1	1	1	1
GCA_002429485.1	1	0	1	0	1	1	1	1	1	1	1	1	1	1	1	1
GCA_002432655.1	1	0	1	0	1	1	1	1	1	1	1	1	1	1	1	1
GCA_002429065.1	1	0	1	0	1	1	1	1	1	1	1	1	1	1	1	1
GCA_002433595.1	1	0	1	0	1	1	1	1	1	1	1	1	1	1	1	1
GCA_002434245.1	1	0	1	0	1	1	1	1	1	1	1	1	1	1	1	1
GCA_002435875.1	1	0	1	0	1	1	1	1	1	1	1	1	1	1	1	1
GCA_002450015.1	1	0	1	0	1	1	1	1	1	1	1	1	1	1	1	1
GCA_002450435.1	0	0	1	0	1	1	1	0	1	1	1	1	0	1	1	1
GCA_002450905.1	1	0	1	0	1	1	1	1	1	1	1	1	1	1	1	1
GCA_002452615.1	1	0	0	0	0	1	0	0	0	1	1	0	0	0	0	1
GCA_002450975.1	0	0	1	0	1	0	1	1	1	0	0	1	1	1	1	0
GCA_002454015.1	1	0	1	0	1	1	1	1	1	1	1	1	1	1	1	1
GCA_002469885.1	1	0	1	0	1	1	1	1	1	1	1	1	1	1	1	1
GCA_002470665.1	0	0	0	0	0	0	0	0	0	0	0	0	0	0	0	0
GCA_002482545.1	1	0	1	0	1	1	1	1	1	1	1	1	1	1	1	1
GCA_002494525.1	1	1	1	0	1	0	1	1	1	0	1	1	1	1	1	1
GCA_002494765.1	1	1	1	1	1	0	1	1	1	1	1	1	1	1	1	1
GCA_002483445.1	1	0	1	0	1	1	1	1	1	1	1	1	1	1	1	1
GCA_002495235.1	1	1	1	0	0	0	1	1	1	1	1	1	0	1	0	1
GCA_002495885.1	1	1	1	1	1	0	1	1	1	1	1	1	1	1	1	1
GCA_002497815.1	1	0	1	0	1	0	1	1	1	1	1	0	1	1	1	1
GCA_002498635.1	1	1	0	0	1	0	0	1	1	1	1	1	1	1	1	1
GCA_002499625.1	1	0	1	0	1	0	0	1	1	1	1	1	1	1	1	1
GCA_002505645.1	0	1	1	1	0	0	1	1	1	0	0	1	0	1	0	0
GCA_002506145.1	1	1	1	0	1	0	1	1	1	1	1	1	1	1	1	1
GCA_002631715.1	1	0	1	0	1	1	1	1	1	1	1	1	1	1	1	1
GCA_002683015.1	1	0	1	0	1	1	1	1	1	1	1	1	1	1	1	1
GCA_002632265.1	1	0	1	0	1	1	1	1	1	1	1	1	1	1	1	1
GCA_002684605.1	1	0	1	0	1	1	1	0	1	1	1	0	1	1	1	1
GCA_002686135.1	1	0	1	0	1	1	0	0	0	1	1	0	1	1	1	1
GCA_002686515.1	0	0	0	0	0	0	1	1	1	0	0	1	0	1	0	0
GCA_002686915.1	1	0	1	0	1	1	1	1	1	1	1	1	1	1	1	1
GCA_002686955.1	1	0	1	0	1	1	1	1	1	1	1	1	1	1	1	1
GCA_002687025.1	1	0	1	0	1	1	1	1	1	1	1	1	1	1	1	1
GCA_002688185.1	0	0	0	0	0	0	0	0	0	0	0	0	0	0	0	0
GCA_002688965.1	1	1	1	0	1	0	1	1	1	1	1	1	1	1	1	1
GCA_002693245.1	1	0	1	0	1	1	1	1	1	1	1	1	1	1	1	1
GCA_002694845.1	1	0	1	0	1	1	1	1	1	1	1	1	1	1	1	1
GCA_002701115.1	1	0	1	0	1	1	1	1	1	1	1	2	1	1	1	1
GCA_002701885.1	1	0	1	0	1	1	1	1	1	1	1	1	1	1	1	1
GCA_002706635.1	0	1	1	1	0	0	0	0	0	0	0	1	0	0	0	0
GCA_002704505.1	1	0	1	0	1	1	1	1	1	1	1	1	1	1	1	1
GCA_002714015.1	1	0	1	0	1	1	1	0	0	1	2	0	1	1	1	2
GCA_002713895.1	1	0	1	0	1	1	1	1	1	1	1	1	1	1	1	1
GCA_002716355.1	1	0	1	0	1	1	1	1	1	1	1	1	1	1	1	1
GCA_002717245.1	1	0	1	0	1	1	1	1	1	1	1	1	1	1	1	1
GCA_002717625.1	1	0	1	0	1	1	1	1	1	1	1	1	1	1	1	1
GCA_002717565.1	1	0	1	0	2	1	2	2	2	1	1	1	1	2	2	1
GCA_002718915.1	0	1	0	0	0	0	0	0	0	0	0	1	0	0	0	0
GCA_002718375.1	0	0	0	0	0	0	0	0	0	0	0	0	0	0	0	0
GCA_002721365.1	1	0	1	0	1	1	1	1	1	1	1	1	1	1	1	1
GCA_002722845.1	1	0	1	0	1	1	1	0	1	1	1	1	1	1	1	1
GCA_002724505.1	0	0	0	0	0	0	0	0	0	0	0	0	0	0	0	0
GCA_002724675.1	1	0	1	0	1	1	1	1	1	1	1	1	1	1	1	1
GCA_002728255.1	1	0	1	0	1	1	1	1	1	1	1	1	1	1	1	1
GCA_002728755.1	1	0	1	0	1	1	1	1	1	1	1	1	1	1	1	1
GCA_002746255.1	1	0	1	0	1	1	1	1	1	1	1	0	1	1	1	1
GCA_002748425.1	1	0	1	0	1	1	1	1	1	1	1	1	1	1	1	1
GCA_002746535.1	1	0	1	0	1	1	1	1	1	1	1	1	1	1	1	1
GCA_002748965.1	1	0	1	0	1	1	1	1	1	1	1	1	1	1	1	1
GCA_002771215.1	1	0	1	0	0	1	1	1	1	1	1	1	1	1	1	1
GCA_002772895.1	1	0	1	0	1	1	1	1	1	1	1	1	1	1	1	1
GCA_002774085.1	0	0	1	0	1	0	1	1	1	0	0	1	1	1	1	0
GCA_002774225.1	1	0	1	0	1	1	1	1	1	1	1	1	1	1	1	1
GCA_002779155.1	1	0	1	0	1	1	1	1	1	1	1	1	1	1	1	1
GCA_002779395.1	1	0	1	0	1	1	1	1	1	1	1	1	1	1	1	1
GCA_002780305.1	1	0	1	0	1	1	1	1	1	1	1	1	1	1	1	1
GCA_002779825.1	1	0	1	0	1	1	1	1	1	1	1	1	1	1	1	1
GCA_002781445.1	1	0	1	0	1	1	1	1	1	1	1	1	1	1	1	1
GCA_002783265.1	1	0	1	0	1	1	1	1	1	1	1	1	1	1	1	1
GCA_002784465.1	1	0	1	0	1	1	1	1	1	1	1	1	1	1	1	1
GCA_002784945.1	1	0	1	0	1	1	1	1	1	1	1	1	1	1	1	1
GCA_002785185.1	1	0	1	0	1	1	1	1	1	1	1	1	1	1	1	1
GCA_002785205.1	1	0	1	0	1	1	1	1	1	1	1	1	1	1	1	1
GCA_002785215.1	1	0	1	0	1	1	1	1	1	1	1	1	1	1	1	1
GCA_002785325.1	1	0	1	0	1	1	1	1	1	1	1	1	1	1	1	1
GCA_002787095.1	1	0	1	0	1	1	1	1	1	1	1	1	1	1	1	1
GCA_002785465.1	1	0	1	0	1	1	1	1	1	1	1	1	1	1	1	1
GCA_002787535.1	1	0	1	0	1	1	1	1	1	1	1	1	1	1	1	1
GCA_002789815.1	1	0	1	0	1	1	1	1	1	1	1	1	1	1	1	1
GCA_002790275.1	1	0	1	0	1	1	1	1	1	1	1	1	1	1	1	1
GCA_002789985.1	1	0	1	0	1	1	1	1	1	1	1	1	1	1	1	1
GCA_002792135.1	1	0	1	0	1	1	1	1	1	1	0	1	1	1	1	1
GCA_002791575.1	1	0	1	0	1	1	1	1	1	1	1	1	1	1	1	1
GCA_002792575.1	1	0	1	0	1	1	1	1	1	1	1	1	1	1	1	1
GCA_002792735.1	1	0	1	0	1	1	1	1	1	1	1	1	1	1	1	1
GCA_002793495.1	1	0	1	0	1	1	1	1	1	1	1	1	1	1	1	1
GCA_002796305.1	1	0	1	0	1	1	1	1	1	1	1	1	1	1	1	1
GCA_002796345.1	1	0	1	0	1	1	1	1	1	1	1	1	1	1	1	1
GCA_002839445.1	1	0	1	0	1	1	1	1	1	1	1	1	1	1	1	1
GCA_002841595.1	1	0	1	0	1	1	1	1	1	1	1	1	1	1	1	1
GCA_002841695.1	1	0	1	0	1	1	1	1	1	1	1	1	1	1	1	1
GCA_002843005.1	1	0	1	0	1	1	1	1	1	1	1	1	1	1	1	1
GCA_002868855.1	1	0	1	0	1	1	1	1	1	1	1	1	1	1	1	1
GCA_002869015.1	1	0	1	0	1	1	1	1	1	1	0	0	1	1	1	0
GCA_002869225.1	1	0	1	0	1	1	1	1	1	1	1	1	1	1	1	1
GCA_002897795.1	1	0	1	0	1	1	1	1	1	1	1	1	1	1	1	1
GCA_002898095.1	1	0	1	0	1	1	0	0	0	0	0	0	1	1	1	0
GCA_002898195.1	0	0	1	0	1	0	1	1	1	1	1	1	0	1	1	1
GCA_002898535.1	1	0	1	0	1	1	1	1	1	1	1	1	1	1	1	1
GCA_002898955.1	1	0	0	0	1	1	1	1	1	1	1	1	0	1	0	1
GCA_002923295.1	1	0	1	0	1	1	1	0	1	1	1	1	1	1	1	1
GCA_002937705.1	1	0	1	0	1	1	1	1	1	1	1	1	1	1	1	1
GCA_003019595.1	1	1	1	1	1	0	1	1	1	1	1	1	1	1	1	1
GCA_003022365.1	1	0	1	0	1	1	1	1	1	1	1	1	1	1	1	1
GCA_003023625.1	1	0	1	0	1	1	1	1	1	1	1	1	1	1	1	1
GCA_003050525.1	1	0	1	0	1	1	1	1	1	1	1	1	1	1	1	1
GCA_003134755.1	1	0	1	0	1	1	1	1	1	1	1	1	1	1	1	1
GCA_003131635.1	1	0	1	0	1	0	1	1	1	1	1	1	1	1	1	1
GCA_003141835.1	1	0	1	0	1	1	1	1	1	1	1	1	1	1	1	1
GCA_003138485.1	1	0	1	0	1	1	1	1	1	1	1	1	1	1	1	1
GCA_003142155.1	1	0	1	0	1	1	1	1	1	1	1	1	1	1	1	1
GCA_003153125.1	1	0	1	0	1	1	1	1	1	1	1	1	1	1	1	1
GCA_003154425.1	0	0	0	0	0	0	0	0	0	0	0	0	0	0	0	0
GCA_003155855.1	1	1	1	1	1	0	1	1	1	1	1	0	1	1	1	1
GCA_003163255.1	1	0	1	0	1	1	1	1	1	1	1	1	1	1	1	1
GCA_003157775.1	1	0	1	0	1	1	1	1	1	1	1	0	1	1	1	1
GCA_003168175.1	1	0	1	0	1	1	1	1	1	1	1	1	1	1	1	1
GCA_003167115.1	1	0	1	0	1	1	0	0	0	1	1	0	1	0	1	1
GCA_003168615.1	1	0	1	0	0	1	1	1	1	1	1	1	1	1	0	1
GCA_003170555.1	1	0	1	0	1	1	1	1	1	1	1	1	1	1	1	1
GCA_003222275.1	1	0	1	0	1	1	1	1	1	1	1	1	1	1	1	1
GCA_003223995.1	1	0	1	0	1	1	0	0	0	1	1	0	1	1	1	1
GCA_003225295.1	1	0	1	0	1	1	1	1	1	1	1	1	1	1	1	1
GCA_003228115.1	1	0	1	0	1	1	1	1	1	1	1	1	1	1	1	1
GCA_003171215.1	1	0	1	0	1	1	1	1	1	1	1	1	1	1	1	1
GCA_003229375.1	1	0	1	0	1	1	1	1	1	1	1	1	1	1	1	1
GCA_003230535.1	1	0	1	0	1	1	1	1	1	1	1	1	1	1	1	1
GCA_003230545.1	1	0	1	0	1	1	1	1	1	1	1	1	1	1	1	1
GCA_003230635.1	1	0	1	0	0	1	0	0	0	1	1	0	1	0	1	1
GCA_003230795.1	1	0	1	0	1	1	1	1	1	1	1	1	1	1	1	1
GCA_003233075.1	1	0	1	0	1	1	1	1	1	1	1	1	1	1	1	1
GCA_003241475.1	1	0	1	0	1	1	1	0	1	1	1	0	1	1	1	1
GCA_003242675.1	2	0	1	0	1	1	1	1	1	1	1	1	1	1	1	1
GCA_003244175.1	1	0	1	0	1	1	1	1	1	1	1	0	1	1	1	1
GCA_003235715.1	1	0	1	0	1	1	1	1	1	1	1	1	1	1	1	1
GCA_003260325.1	1	0	1	0	1	1	1	1	1	1	1	1	1	1	1	1
GCA_003252225.1	1	0	1	0	1	1	1	1	1	1	1	0	1	1	1	1
GCA_003281645.1	1	0	1	0	1	1	1	1	1	1	1	1	1	1	1	1
GCA_003332345.1	1	0	1	0	1	1	1	1	1	1	1	1	1	1	1	1
GCA_003354005.1	1	0	1	0	1	1	1	1	1	1	1	1	1	1	1	1
GCA_003353785.1	1	0	1	0	1	1	1	1	1	1	1	1	1	1	1	1
GCA_003445475.1	1	0	1	0	0	1	0	1	1	1	1	1	1	0	0	1
GCA_003449495.1	1	0	1	0	1	1	1	1	1	1	1	0	1	1	2	1
GCA_003451115.1	0	0	0	0	0	0	0	0	0	0	0	0	0	0	0	0
GCA_003454415.1	1	0	1	0	1	1	1	0	0	0	0	0	1	1	1	0
GCA_003476045.1	1	0	1	0	1	1	1	0	0	1	1	0	1	1	1	1
GCA_003477185.1	1	0	1	0	1	0	0	1	1	1	1	1	1	0	1	1
GCA_003484385.1	1	0	1	0	1	1	1	1	1	1	1	1	1	1	1	1
GCA_003485015.1	1	0	1	0	1	1	1	1	1	1	1	1	1	1	1	1
GCA_003485165.1	0	0	0	0	0	0	0	0	0	0	0	0	0	0	0	0
GCA_003485365.1	1	0	1	0	1	1	1	1	1	1	1	1	1	1	1	1
GCA_003485715.1	0	0	0	0	0	0	0	0	0	0	0	0	0	0	0	0
GCA_003485605.1	1	0	1	0	1	1	1	1	1	1	1	1	1	1	1	1
GCA_003486825.1	1	0	1	0	1	1	1	1	1	1	2	1	1	1	1	1
GCA_003488345.1	1	0	1	0	1	1	1	1	1	1	1	0	1	1	1	1
GCA_003490035.1	1	0	1	0	1	1	1	1	1	1	1	1	1	1	1	1
GCA_003497555.1	1	0	1	0	1	1	1	1	1	1	1	1	1	2	1	1
GCA_003498085.1	1	0	1	0	1	1	1	1	1	1	1	1	1	1	1	1
GCA_003503495.1	1	0	1	0	1	1	1	1	1	0	0	1	1	1	1	0
GCA_003504095.1	1	0	1	0	1	1	1	1	1	1	1	0	1	1	1	1
GCA_003508865.1	1	0	1	0	1	1	1	1	1	1	1	1	1	1	1	1
GCA_003517845.1	1	0	0	0	0	1	0	0	0	1	1	0	1	0	0	1
GCA_003519425.1	1	0	1	0	1	1	1	1	1	1	1	1	1	1	1	1
GCA_003521695.1	1	0	1	0	1	1	1	1	1	1	1	1	1	1	1	1
GCA_003528305.1	1	0	1	0	1	1	1	1	1	1	1	1	1	1	1	1
GCA_003534415.1	1	0	1	0	1	1	1	1	1	1	1	1	1	1	1	1
GCA_003534775.1	1	0	1	0	1	1	1	1	1	1	1	1	1	1	1	1
GCA_003535395.1	1	0	1	0	1	1	1	1	1	1	1	0	1	1	1	1
GCA_003537615.1	1	0	1	0	1	1	1	1	1	1	1	1	1	1	1	1
GCA_003541445.1	1	0	1	0	1	1	1	1	1	1	1	1	1	0	1	1
GCA_003550445.1	1	0	1	0	1	1	1	0	1	1	1	0	1	1	1	1
GCA_003553655.1	1	0	1	0	1	1	1	1	1	1	1	1	1	1	1	1
GCA_003554345.1	1	0	0	0	1	1	1	1	1	1	1	1	1	1	0	1
GCA_003554705.1	1	0	1	0	1	1	1	1	1	1	1	1	1	1	1	1
GCA_003554945.1	1	0	1	0	1	1	1	1	1	1	1	1	1	1	1	1
GCA_003556305.1	1	0	1	0	1	1	1	0	1	1	1	1	1	1	1	1
GCA_003558125.1	1	0	1	0	1	1	1	1	1	1	1	1	1	1	1	1
GCA_003558145.1	1	0	1	0	1	1	1	1	1	1	1	1	1	1	1	1
GCA_003558235.1	1	1	1	1	1	0	1	1	1	1	1	1	1	1	1	1
GCA_003558855.1	1	0	1	0	1	1	1	1	1	1	1	1	1	1	1	1
GCA_003559755.1	1	0	1	0	1	1	1	1	1	1	1	1	1	1	2	1
GCA_003561965.1	1	0	1	0	1	1	1	1	1	1	1	1	1	1	1	1
GCA_003561665.1	0	1	1	0	1	0	1	1	1	1	1	1	0	1	1	1
GCA_003562655.1	1	0	1	0	1	1	0	1	1	1	1	1	1	1	1	1
GCA_003563855.1	1	0	1	0	1	1	1	1	1	1	1	1	1	1	1	1
GCA_003562815.1	1	0	1	0	1	1	1	1	1	1	1	1	1	1	1	1
GCA_003566215.1	0	0	0	0	0	0	0	0	0	0	0	1	0	0	0	0
GCA_003563915.1	1	0	1	0	1	1	1	1	1	1	1	1	1	1	1	1
GCA_003566815.1	1	0	1	0	1	1	1	1	1	1	1	1	1	1	0	1
GCA_003567575.1	1	0	1	0	1	1	1	1	1	1	1	0	1	1	1	1
GCA_003568415.1	1	0	1	0	1	1	1	1	1	1	1	1	1	1	1	1
GCA_003577105.1	1	0	1	0	1	1	1	1	1	1	1	1	1	1	1	1
GCA_003577445.1	0	0	0	0	1	0	1	1	1	0	0	1	0	1	1	0
GCA_003598065.1	1	0	1	0	1	1	1	1	1	1	1	1	1	1	1	1
GCA_003598085.1	1	0	1	0	1	1	1	1	1	1	1	1	1	1	1	1
GCA_003599235.1	0	0	0	0	0	0	0	0	0	0	1	0	0	0	0	0
GCA_003599335.1	1	0	1	0	1	1	1	1	1	1	1	1	1	1	1	1
GCA_003599365.1	1	0	1	0	1	1	1	1	1	1	1	1	1	1	1	1
GCA_003599485.1	1	0	1	0	1	1	1	1	1	1	1	1	1	1	1	1
GCA_003576705.1	1	0	1	0	1	1	1	1	1	1	1	1	1	1	1	1
GCA_003599745.1	1	0	1	0	1	1	1	1	1	1	1	1	1	1	1	1
GCA_003599855.1	1	0	2	0	1	1	1	1	1	1	1	1	1	1	1	1
GCA_003641465.1	1	0	1	0	1	1	1	1	1	1	1	1	1	1	1	1
GCA_003641545.1	1	0	1	0	1	1	1	1	1	1	1	1	1	1	1	1
GCA_003641795.1	1	0	1	0	1	1	1	1	1	1	1	1	1	1	1	1
GCA_003644265.1	1	0	1	0	1	1	1	1	1	1	1	1	1	1	1	1
GCA_003644275.1	1	0	1	0	1	1	1	1	1	1	1	1	1	1	1	1
GCA_003644325.1	1	0	1	0	1	1	1	1	1	1	1	1	1	1	1	1
GCA_003644715.1	1	0	1	0	1	1	1	1	1	1	1	1	1	1	1	1
GCA_003644825.1	1	0	1	0	1	1	1	1	1	1	1	1	1	1	1	1
GCA_003645085.1	1	0	1	0	1	1	1	1	1	1	1	1	1	1	1	1
GCA_003645455.1	1	0	1	0	1	1	1	1	1	1	1	1	1	1	1	1
GCA_003645645.1	1	0	1	0	1	1	1	1	1	1	1	1	1	1	1	1
GCA_003645745.1	1	0	1	0	1	1	1	1	1	1	1	1	1	1	1	1
GCA_003645735.1	1	0	1	0	1	1	1	0	0	1	1	0	1	1	1	1
GCA_003645805.1	1	0	1	0	1	1	1	1	1	1	1	1	1	1	1	1
GCA_003646705.1	1	0	1	0	1	1	1	1	1	1	1	1	1	1	1	1
GCA_003646715.1	1	0	1	0	1	1	1	1	1	2	1	1	1	1	1	1
GCA_003647095.1	1	0	1	0	1	1	1	1	0	1	1	0	1	1	1	1
GCA_003647745.1	1	0	1	0	1	1	1	1	1	1	1	1	1	1	1	1
GCA_003647755.1	1	0	1	0	1	1	1	1	1	1	1	1	1	1	1	1
GCA_003649155.1	1	1	1	1	1	0	0	0	0	1	1	1	1	1	1	1
GCA_003649695.1	1	1	1	1	1	0	1	1	1	1	1	1	1	1	1	1
GCA_003649915.1	0	1	0	1	0	0	0	0	0	0	0	1	0	0	0	0
GCA_003650255.1	1	0	1	0	1	1	1	1	1	1	1	1	1	1	1	1
GCA_003650285.1	1	0	1	0	1	1	1	1	1	1	1	1	1	1	1	1
GCA_003650905.1	0	1	1	0	0	0	1	1	1	1	1	0	0	0	0	1
GCA_003650975.1	1	1	1	1	1	0	0	0	0	1	1	1	1	1	1	1
GCA_003651045.1	1	1	1	1	0	0	0	1	1	0	1	1	1	0	1	1
GCA_003660555.1	1	1	1	1	1	0	1	1	0	1	1	1	1	1	1	1
GCA_003661365.1	1	1	1	1	1	0	0	1	0	1	0	1	1	1	1	1
GCA_003661605.2	2	0	1	1	1	0	1	1	1	1	1	1	1	1	1	1
GCA_003662305.1	1	2	1	1	1	0	1	1	1	1	1	1	1	1	1	1
GCA_003663295.1	1	1	0	0	1	0	0	1	1	1	1	1	1	1	1	1
GCA_003663585.1	1	1	1	0	1	0	1	1	1	0	1	1	1	1	1	0
GCA_003694425.1	1	0	1	0	1	1	1	1	1	1	1	1	1	1	1	1
GCA_003694635.1	1	0	1	0	1	1	1	1	1	1	1	1	1	1	1	1
GCA_003694875.1	1	0	1	0	1	1	1	1	2	1	1	1	1	1	1	1
GCA_003695505.1	1	0	1	0	1	1	1	1	1	1	1	1	1	1	1	2
GCA_003695705.1	1	0	1	0	1	1	1	1	1	1	1	1	1	1	1	1
GCA_003695825.1	1	0	1	0	1	1	1	1	1	1	1	1	1	1	1	1
GCA_003696125.1	1	0	1	0	1	1	1	1	0	1	1	1	1	1	1	1
GCA_003696465.1	1	0	1	0	1	1	1	1	1	1	1	1	1	1	1	1
GCA_003696505.1	1	0	1	0	1	1	1	1	1	1	2	1	1	1	1	1
GCA_003696645.1	1	0	1	0	1	1	1	1	1	1	1	1	1	1	1	1
GCA_003696835.1	1	0	1	0	1	1	1	1	1	1	1	1	1	1	1	1
GCA_003697105.1	1	0	1	0	1	1	1	1	1	1	1	1	1	1	1	1
GCA_003864455.1	1	0	1	0	1	1	1	1	1	1	1	1	1	1	1	1
GCA_003978555.1	1	0	1	0	1	1	0	0	0	1	1	0	2	0	1	1
GCA_004212035.1	1	1	1	1	1	0	1	2	1	1	1	1	1	1	1	1
GCA_004293915.1	1	0	1	0	1	1	1	1	1	1	1	1	1	1	1	1
GCA_004295055.1	1	0	1	0	1	1	1	1	1	1	1	1	1	1	1	1
GCA_004297765.1	1	0	1	0	1	1	1	1	1	1	1	1	1	1	1	1
GCA_004298615.1	1	0	1	0	1	0	1	1	1	1	1	1	1	1	1	1
GCA_004356015.1	1	0	1	0	1	1	1	1	1	1	1	1	1	1	1	1
GCA_004356335.1	1	0	1	0	1	1	1	1	1	1	1	1	1	1	1	1
GCA_004356505.1	1	0	1	0	1	1	1	1	1	1	1	1	1	1	1	1
GCA_004356555.1	1	0	1	0	1	1	1	1	1	1	1	1	1	1	1	1
GCA_004357005.1	0	0	0	0	0	0	0	0	0	0	0	0	0	0	0	0
GCA_004357015.1	1	0	1	0	1	1	1	1	1	1	1	1	1	1	1	1
GCA_004357505.1	1	0	1	0	1	1	1	1	1	1	1	1	1	1	1	1
GCA_004366965.1	1	0	1	0	1	1	1	1	1	1	1	1	1	1	1	1
GCA_004367365.1	1	0	1	0	1	1	1	1	1	1	1	1	1	1	1	1
GCA_004374725.1	1	0	1	0	1	1	1	1	1	1	1	1	1	2	1	1
GCA_004375785.1	1	0	1	0	1	1	1	1	1	1	1	1	1	1	1	1
GCA_004376375.1	1	0	1	0	1	1	1	1	1	1	1	1	1	1	1	1
GCA_004376575.1	1	0	1	0	1	1	1	1	1	1	1	1	1	1	1	1
GCA_004377355.1	1	0	1	0	1	1	1	1	1	1	1	1	1	1	1	1
GCA_004377365.1	1	0	1	0	1	1	1	1	1	1	1	1	1	1	1	1
GCA_004402915.1	1	0	1	0	1	1	1	1	1	1	1	1	1	1	1	1
GCA_004525935.1	1	0	1	0	1	1	1	1	1	1	1	1	1	1	1	1
GCA_004796385.1	1	0	1	0	1	1	1	1	1	1	1	1	1	1	1	1
GCA_004963395.1	1	0	1	0	1	1	1	1	1	1	1	1	1	1	1	1
GCA_005110385.1	1	0	1	0	1	1	1	1	1	1	1	1	1	1	1	1
GCA_005239895.1	1	0	1	0	1	1	1	1	1	1	1	1	1	1	1	1
GCA_005239795.1	1	0	1	0	1	1	0	0	0	1	1	1	1	0	1	1
GCA_005776585.1	1	0	1	0	0	1	0	1	0	1	1	0	1	0	0	1
GCA_005777235.1	0	0	0	0	0	0	0	0	0	0	0	0	0	0	0	0
GCA_005777805.1	0	0	0	0	0	0	0	0	0	0	0	0	0	0	0	0
GCA_005788935.1	0	0	0	0	0	0	0	1	0	0	0	0	0	0	0	0
GCA_005789425.1	0	0	0	0	0	1	0	0	0	1	1	0	0	0	0	1
GCA_005878615.1	1	0	1	1	1	0	0	1	1	1	1	1	1	1	1	1
GCA_005879095.1	0	0	0	0	1	0	1	1	1	0	1	1	0	0	0	0
GCA_005882525.1	1	0	0	0	1	1	1	1	1	1	1	1	1	1	1	1
GCA_005883885.1	1	0	1	0	1	1	1	1	1	1	1	1	1	1	1	1
GCA_005884515.1	1	0	1	0	1	1	1	0	1	1	1	0	1	1	1	1
GCA_005887685.1	1	0	1	0	1	1	1	1	1	1	1	1	1	1	0	1
GCA_005888095.1	1	0	1	0	1	1	1	1	1	1	1	1	1	1	1	1
GCA_005805375.1	1	0	1	0	0	1	0	0	0	1	1	0	1	0	0	1
GCA_005888425.1	1	0	1	0	1	1	1	1	1	1	1	1	1	1	1	1
GCA_005889295.1	1	0	1	0	1	1	1	1	1	1	1	1	1	1	1	1
GCA_005893165.1	1	0	1	0	1	1	1	1	1	1	1	1	1	1	1	1
GCA_006954445.1	1	1	1	1	1	0	1	1	1	1	1	1	1	1	1	1
GCA_006844605.1	1	0	1	0	1	1	1	1	1	1	1	1	1	1	1	1
GCA_007116075.1	1	0	1	0	1	1	1	1	1	1	1	1	1	1	1	1
GCA_007116105.1	0	0	0	0	0	0	0	0	0	0	0	0	0	0	0	0
GCA_007124775.1	1	0	1	0	1	1	0	1	1	1	1	1	1	1	1	1
GCA_007125875.1	1	0	1	0	1	1	1	1	1	1	1	1	1	1	1	1
GCA_007127155.1	1	0	0	0	1	1	1	1	1	1	1	1	1	1	1	1
GCA_007127275.1	1	0	1	0	1	1	1	0	1	0	0	1	1	1	1	0
GCA_007128465.1	0	0	0	0	0	0	0	0	0	0	0	0	0	0	0	0
GCA_007128675.1	1	0	0	0	1	1	1	1	1	1	1	0	1	1	1	1
GCA_007128895.1	1	0	1	0	1	1	1	1	1	1	1	1	1	1	1	1
GCA_007131765.1	1	0	1	0	1	1	1	1	1	1	1	1	1	1	1	1
GCA_007131925.1	1	0	1	0	1	1	1	1	1	1	1	1	1	1	1	1
GCA_007132905.1	1	0	1	0	1	1	1	1	1	1	1	1	1	1	1	1
GCA_007133845.1	1	1	1	1	1	0	0	0	0	1	1	0	1	1	1	1
GCA_007133495.1	1	0	1	0	1	1	1	1	1	1	1	1	1	1	1	1
GCA_007136165.1	1	0	1	0	1	1	1	1	1	1	1	1	1	1	1	1
GCA_007280345.1	1	0	1	0	1	1	1	1	1	1	1	1	1	1	0	1
GCA_007280895.1	1	0	1	0	1	1	1	1	1	1	1	1	1	1	1	1
GCA_007376335.1	1	0	1	0	1	1	1	1	1	1	1	1	1	1	1	1
GCA_007695115.1	1	0	1	0	1	1	1	1	1	1	1	1	1	1	1	1
GCA_007571325.1	1	0	1	0	1	1	1	1	1	1	1	1	1	1	1	1
GCA_007748055.1	1	0	1	0	1	1	1	1	1	1	1	1	1	1	1	1
GCA_008012315.1	1	0	1	0	1	1	1	1	1	1	1	1	1	1	1	1
GCA_008086245.1	1	0	1	0	1	1	1	1	1	1	1	1	1	1	1	1
GCA_008501735.1	1	0	1	0	1	1	1	1	1	1	1	1	1	1	1	1
GCA_008534395.1	1	0	1	0	1	1	1	1	1	1	1	1	1	1	1	1
GCA_008975185.1	1	0	1	0	1	1	1	1	1	1	1	0	1	1	1	1
GCA_009377665.1	1	0	1	0	1	1	1	1	1	1	1	1	1	1	1	1
GCA_009391575.1	1	0	1	0	1	1	1	1	1	1	1	1	1	1	1	1
GCA_009392005.1	1	0	1	0	1	1	1	1	1	1	1	1	1	1	1	1
GCA_009619015.1	0	0	0	0	0	0	0	0	0	0	0	0	0	0	0	0
GCA_009659955.1	1	0	1	0	1	1	1	1	1	1	1	1	1	1	1	1
GCA_009691435.1	1	0	1	0	1	1	1	1	1	1	1	1	1	1	1	1
GCA_009692805.1	1	0	1	0	0	1	0	0	0	1	1	0	1	0	1	1
GCA_009692855.1	0	0	0	0	0	0	0	0	0	0	0	0	0	0	0	0
GCA_009692925.1	1	0	1	0	1	1	1	1	1	1	1	1	1	1	1	1
GCA_009692945.1	1	0	1	0	1	1	1	1	1	1	1	1	1	1	1	1
GCA_009693015.1	1	0	1	0	1	1	1	1	0	1	1	1	1	1	1	1
GCA_009693045.1	0	0	0	0	0	0	0	0	0	0	0	0	0	0	0	0
GCA_009693105.1	1	0	1	0	1	1	1	1	1	1	1	1	0	1	1	1
GCA_009693165.1	1	0	1	0	1	1	1	1	1	1	1	1	1	1	1	1
GCA_009693995.1	0	0	0	0	0	0	0	0	0	0	0	0	0	0	0	0
GCA_009694095.1	0	0	0	0	0	0	0	0	0	0	0	0	0	0	0	0
GCA_009694085.1	1	0	1	0	1	1	1	1	1	1	1	1	1	1	1	1
GCA_009694125.1	0	0	0	0	0	0	0	0	0	0	0	0	0	0	0	0
GCA_009694165.1	0	0	0	0	0	0	0	0	0	0	0	0	0	0	0	0
GCA_009694185.1	1	0	1	0	1	1	1	1	1	1	1	1	1	1	1	1
GCA_009694835.1	1	0	1	0	1	1	0	0	0	1	1	0	1	1	1	1
GCA_009694805.1	1	0	1	0	1	1	1	1	1	1	1	1	1	1	1	1
GCA_009711825.1	1	0	1	0	1	1	1	1	1	1	1	1	1	1	1	1
GCA_009758285.1	1	1	0	1	1	0	1	1	1	1	1	1	1	1	1	1
GCA_009773435.1	1	0	1	0	1	1	1	1	1	1	1	1	1	1	1	1
GCA_009777515.1	1	0	1	0	1	1	1	1	1	1	1	1	1	1	1	1
GCA_009780035.1	1	0	1	0	1	1	1	1	1	1	1	1	1	1	1	1
GCA_009781565.1	1	0	0	0	1	1	1	1	1	1	2	1	1	1	1	1
GCA_009783805.1	1	0	1	0	1	1	1	1	1	1	1	1	1	1	1	1
GCA_009783675.1	1	0	1	0	1	0	1	1	1	0	0	1	1	1	1	0
GCA_009835595.1	1	0	1	0	1	1	1	0	0	1	1	0	1	1	1	1
GCA_009835825.1	1	0	1	0	1	1	1	1	1	1	1	1	1	1	1	1
GCA_009836325.1	1	0	1	0	1	1	1	1	1	1	1	1	1	1	1	1
GCA_009836525.1	1	0	1	0	1	1	1	1	1	1	1	1	1	1	1	1
GCA_009836695.1	1	0	1	0	1	1	1	1	1	1	1	1	1	1	1	1
GCA_009837045.1	0	0	0	0	1	0	0	0	1	0	0	1	0	1	0	0
GCA_009837665.1	1	0	1	0	1	1	1	1	1	1	1	1	1	1	1	1
GCA_009839925.1	1	0	1	0	1	1	1	0	1	1	1	1	1	1	1	1
GCA_009845855.1	1	0	1	0	1	1	1	1	1	1	1	1	1	1	1	1
GCA_009845905.1	1	0	1	0	1	1	1	1	1	1	1	1	1	1	1	1
GCA_009842065.1	1	0	1	0	1	1	1	1	1	1	1	1	1	1	1	1
GCA_009885355.1	1	0	1	0	1	1	1	1	1	1	1	0	1	1	1	1
GCA_009926025.1	1	0	1	0	1	1	1	1	1	2	1	1	1	1	1	1
GCA_009903775.1	1	0	0	0	1	0	1	1	1	1	0	1	1	1	1	0
GCA_009926615.1	1	0	1	0	1	0	1	1	1	1	1	1	1	1	1	1
GCA_009927055.1	1	0	1	0	1	1	1	1	1	1	1	1	1	1	1	1
GCA_009927275.1	1	0	1	0	1	1	1	1	1	1	1	1	1	1	1	1
GCA_009930175.1	1	0	1	0	1	1	1	1	1	1	1	1	1	1	1	1
GCA_009929845.1	1	0	1	0	1	2	1	1	1	2	1	1	1	1	1	2
GCA_009937385.1	1	0	1	0	1	1	1	1	1	1	1	1	1	1	1	1
GCA_009937625.1	1	0	1	0	2	1	1	1	1	1	1	1	1	1	1	1
GCA_009937645.1	1	0	1	0	1	1	1	1	1	1	0	1	1	1	1	1
GCA_009991595.1	1	0	1	0	1	1	1	1	1	1	1	1	1	1	1	1
GCA_009992215.1	1	1	1	0	1	0	0	1	1	0	1	1	1	1	1	1
GCA_009993245.1	1	0	1	0	1	1	1	1	1	1	1	1	1	1	1	1
GCA_009993275.1	1	0	1	0	1	1	1	1	1	1	1	1	1	1	1	1
GCA_009993695.1	1	0	1	0	1	1	1	1	1	1	1	1	1	1	1	1
GCA_009995085.1	1	1	1	0	1	0	1	1	1	1	1	1	1	1	0	1
GCA_009996705.1	1	0	1	0	1	1	1	1	1	1	1	1	1	1	1	1
GCA_010026625.1	1	0	1	0	1	1	1	1	1	1	1	1	1	1	1	1
GCA_010028905.1	1	0	1	0	1	1	1	1	1	1	1	1	1	1	1	1
GCA_010029555.1	1	0	1	0	0	0	0	1	0	1	1	1	1	0	1	1
GCA_011040875.1	1	0	1	0	1	1	1	1	1	1	1	1	1	1	1	1
GCA_011041895.1	1	1	1	1	1	0	1	1	1	1	1	1	1	1	1	1
GCA_011042415.1	1	1	1	1	0	0	1	1	1	1	1	1	1	1	0	1
GCA_011046015.1	1	0	1	0	1	1	1	1	1	1	1	1	1	1	1	1
GCA_011046085.1	1	0	1	0	1	1	1	1	1	1	1	1	1	1	1	1
GCA_011046315.1	1	0	1	0	1	1	1	1	1	1	1	1	1	1	1	1
GCA_011049045.1	1	1	1	1	1	0	1	1	1	1	1	1	1	1	1	1
GCA_011049115.1	1	0	1	0	1	1	1	1	1	1	1	1	1	1	1	1
GCA_011051015.1	0	0	1	0	1	1	0	0	0	1	1	0	0	1	1	1
GCA_011051635.1	1	0	1	0	1	1	1	1	1	1	1	1	1	1	1	1
GCA_011052255.1	1	0	1	0	1	1	1	1	1	1	1	1	1	1	1	1
GCA_011064725.1	1	0	1	0	1	1	1	1	1	1	1	1	1	1	1	1
GCA_011192195.1	1	0	1	0	1	1	1	1	1	1	1	1	1	1	1	1
GCA_011321775.1	1	0	1	0	1	1	1	1	1	1	1	1	1	1	1	1
GCA_011087955.1	1	0	1	0	1	1	1	1	1	1	1	1	1	1	1	1
GCA_011321985.1	1	0	1	0	1	1	1	1	1	1	1	1	1	1	1	1
GCA_011322515.1	0	0	0	0	0	0	0	0	0	0	0	0	0	0	0	0
GCA_011372105.1	1	0	1	0	1	1	2	2	2	1	1	2	1	1	1	1
GCA_011330835.1	1	0	1	0	1	1	1	1	1	1	1	1	1	1	1	1
GCA_011375345.1	1	0	1	0	1	1	1	1	1	1	1	1	1	1	1	1
GCA_011391345.1	1	1	0	0	0	0	0	1	1	0	0	0	1	0	0	0
GCA_011524535.1	1	0	1	0	1	1	1	1	1	1	1	1	1	1	1	1
GCA_011389995.1	1	0	1	0	1	1	1	0	1	1	1	0	1	1	1	1
GCA_011526005.1	1	0	1	0	1	1	1	1	1	1	1	0	1	1	1	1
GCA_011620345.1	1	0	1	0	1	1	1	1	1	1	1	1	1	1	1	1
GCA_011682385.1	1	0	1	0	1	1	1	1	1	1	1	1	1	1	1	1
GCA_011526105.1	1	0	1	0	1	1	1	1	1	1	1	1	1	1	1	1
GCA_011682715.1	0	0	0	0	0	0	0	0	0	0	1	0	0	0	0	1
GCA_011772305.1	1	0	1	0	1	1	1	1	1	1	1	1	1	1	1	1
GCA_011772385.1	1	0	1	0	1	1	1	1	1	1	0	1	1	1	0	1
GCA_011772495.1	2	0	1	0	1	1	1	1	1	2	2	1	2	1	1	2
GCA_011773355.1	1	0	1	0	1	1	1	2	2	1	1	1	1	1	0	1
GCA_011773445.1	0	0	0	0	0	0	0	0	0	0	0	0	0	0	0	0
GCA_011773645.1	1	0	1	0	1	1	1	1	1	1	1	1	1	1	1	1
GCA_011773985.1	1	0	1	0	1	1	1	1	1	1	1	1	1	1	1	1
GCA_012031145.1	1	0	1	0	1	1	1	1	1	1	1	0	1	1	1	1
GCA_012031925.1	1	0	1	0	1	1	1	1	1	1	1	1	1	1	1	1
GCA_012103495.1	1	0	1	0	2	1	1	0	1	1	1	0	1	1	1	1
GCA_012103255.1	1	0	1	0	1	1	1	1	1	1	1	1	1	1	1	1
GCA_012267605.1	1	0	1	0	1	1	1	0	1	1	1	0	1	1	1	1
GCA_012270555.1	1	0	1	0	1	1	1	1	1	1	1	1	1	1	1	1
GCA_012270635.1	1	0	1	0	1	1	1	1	1	1	1	1	1	1	1	1
GCA_012270975.1	1	0	1	0	1	1	1	2	1	1	1	2	1	1	1	1
GCA_012512505.1	1	0	1	0	1	1	1	1	1	1	1	1	1	1	1	1
GCA_012513365.1	1	0	1	0	1	1	1	1	1	1	1	1	1	1	1	1
GCA_012514555.1	1	0	1	0	1	1	1	1	1	1	1	1	1	1	1	1
GCA_012270995.1	1	0	1	0	1	1	1	1	1	1	1	1	1	1	1	1
GCA_012514615.1	1	0	1	0	0	1	0	0	0	1	0	0	1	0	0	0
GCA_012516115.1	1	0	1	0	1	1	1	1	1	1	1	1	1	1	1	1
GCA_012516175.1	1	0	1	0	1	1	1	1	1	1	1	1	1	1	1	1
GCA_012517545.1	1	0	1	0	1	1	1	1	1	1	1	1	1	1	1	1
GCA_012517755.1	1	0	1	0	1	1	1	1	1	1	1	1	1	1	1	1
GCA_012517955.1	1	0	1	0	1	1	1	1	1	1	1	1	1	1	1	1
GCA_012518355.1	1	0	1	0	1	1	1	1	1	1	1	1	1	1	1	1
GCA_012518545.1	1	0	1	0	1	1	1	1	1	1	1	1	1	1	1	1
GCA_012519325.1	1	0	1	0	1	1	1	1	1	1	1	1	1	1	1	1
GCA_012520135.1	1	0	1	0	1	1	1	0	1	1	1	0	1	1	1	1
GCA_012521315.1	2	0	1	0	1	1	1	1	1	1	1	0	1	1	1	1
GCA_012522135.1	1	0	0	0	1	1	1	1	1	1	1	1	1	1	1	1
GCA_012523465.1	1	0	1	0	1	1	1	1	1	1	1	1	1	1	1	1
GCA_012523975.1	1	0	1	0	1	1	1	1	1	1	1	1	1	1	1	1
GCA_012689325.1	1	0	1	0	1	1	1	1	1	1	1	1	1	1	1	1
GCA_012719455.1	1	0	1	0	1	1	1	1	1	1	1	1	1	1	1	1
GCA_012719935.1	1	0	1	0	1	1	1	1	1	1	1	1	1	1	1	1
GCA_012735505.1	1	0	1	0	1	1	1	1	1	1	1	1	1	1	1	1
GCA_012735535.1	1	0	1	0	1	1	1	1	1	1	1	1	1	1	1	1
GCA_012744235.1	1	0	1	0	1	1	1	1	1	1	1	1	1	1	1	1
GCA_012797735.1	1	0	1	0	1	1	1	1	1	1	1	1	1	1	1	1
GCA_012799075.1	1	0	0	0	0	1	1	1	1	1	1	0	1	0	0	1
GCA_012799555.1	0	0	0	0	0	0	0	0	0	0	0	0	0	0	0	0
GCA_012838995.1	1	0	1	0	1	1	1	1	1	1	1	1	1	1	1	1
GCA_012839445.1	1	0	2	0	1	1	1	1	1	1	1	1	1	1	1	1
GCA_012839765.1	1	0	1	0	1	1	1	1	1	1	1	1	1	1	1	1
GCA_012839805.1	1	0	1	0	1	1	1	1	1	1	1	1	1	1	1	1
GCA_012840015.1	1	0	1	0	1	1	1	1	1	1	1	1	1	1	1	1
GCA_012840065.1	1	0	1	0	1	1	1	1	1	1	0	1	1	1	1	1
GCA_012840385.1	1	0	1	0	1	1	1	1	1	1	1	1	1	1	1	1
GCA_012841065.1	1	0	1	0	1	1	1	1	1	1	1	1	1	1	1	1
GCA_012841575.1	1	0	1	0	1	1	1	1	1	1	1	1	1	1	1	1
GCA_012842325.1	1	0	1	0	1	1	1	1	1	1	2	1	1	1	1	1
GCA_012842395.1	1	0	1	0	1	1	1	1	1	1	1	1	1	1	1	1
GCA_012842575.1	1	0	1	0	1	1	1	1	1	1	1	1	1	1	1	1
GCA_012960035.1	1	0	1	0	1	1	1	1	1	1	1	1	1	1	1	1
GCA_012961305.1	1	0	1	0	1	1	1	1	1	1	1	1	1	1	1	1
GCA_012962505.1	1	0	1	0	1	1	1	1	1	1	1	1	1	1	1	1
GCA_012962595.1	1	0	1	0	1	1	1	1	1	2	1	1	1	1	1	2
GCA_012962735.1	1	0	1	0	1	1	1	1	1	1	2	1	1	2	1	2
GCA_013001575.1	1	0	1	0	1	1	1	1	1	1	1	1	1	1	1	1
GCA_012963965.1	1	0	1	0	1	1	0	1	1	1	1	1	1	0	1	1
GCA_013003115.1	1	0	1	0	1	1	1	1	1	1	1	1	1	1	1	1
GCA_013003415.1	1	0	1	0	1	1	1	1	1	1	1	1	1	1	1	1
GCA_013002045.1	1	0	1	0	1	1	1	1	1	1	1	1	1	1	1	1
GCA_013044245.1	1	0	1	0	1	1	1	1	1	1	1	1	1	1	1	1
GCA_013138615.1	1	1	1	1	1	0	1	0	1	1	1	1	1	1	1	1
GCA_013139225.1	1	0	1	0	1	1	1	1	1	1	1	1	1	1	1	1
GCA_013151035.1	1	0	1	0	1	1	1	1	1	1	1	1	1	1	1	1
GCA_013151555.1	1	0	1	0	1	1	1	1	1	1	1	1	1	1	1	1
GCA_013151745.1	1	0	1	0	1	1	1	1	1	1	1	1	1	1	1	1
GCA_013151795.1	1	0	1	0	1	1	1	1	1	1	1	1	1	1	1	1
GCA_013151875.1	1	0	1	0	1	1	1	1	1	1	1	1	1	1	1	1
GCA_013152105.1	1	0	1	0	1	1	1	1	1	1	1	1	1	1	0	1
GCA_013152135.1	0	0	0	0	1	0	1	1	1	0	1	1	0	1	0	1
GCA_013152165.1	1	0	1	0	1	1	1	1	1	1	1	1	1	1	1	1
GCA_013152295.1	1	0	1	0	1	1	1	1	1	1	1	1	1	1	1	1
GCA_013152385.1	1	0	1	0	1	1	1	1	1	1	1	1	1	1	1	1
GCA_013152435.1	1	0	1	0	1	1	1	1	1	1	1	1	1	1	1	1
GCA_013152475.1	1	0	1	0	1	1	1	1	1	1	1	1	1	1	1	1
GCA_013152825.1	1	0	1	0	1	1	1	1	1	1	1	0	1	1	1	1
GCA_013152945.1	1	0	1	0	1	1	1	1	1	1	1	1	1	1	1	1
GCA_013152955.1	1	0	1	0	1	1	1	1	1	1	1	1	1	1	1	1
GCA_013154035.1	1	1	1	1	1	0	1	1	1	1	1	1	1	1	1	1
GCA_013154135.1	1	0	1	0	1	1	1	1	1	1	1	1	1	1	1	1
GCA_013178045.1	1	0	1	0	1	1	1	1	1	1	1	1	1	1	1	1
GCA_013177805.1	1	0	1	0	1	1	1	1	1	1	1	1	1	1	1	1
GCA_013178125.1	1	0	1	0	1	1	1	1	1	1	1	1	1	1	1	1
GCA_013202185.1	1	0	1	0	1	0	1	1	1	0	1	1	1	1	1	1
GCA_013202205.1	1	0	1	0	1	1	1	1	1	1	1	1	1	1	1	1
GCA_013202525.1	1	0	1	0	1	1	1	1	1	1	1	1	1	1	1	1
GCA_013202335.1	0	0	0	0	0	0	1	1	1	0	1	1	0	1	0	0
GCA_013203355.1	1	0	1	0	1	1	1	1	1	1	1	1	1	1	1	1
GCA_013203085.1	1	0	1	0	1	1	1	1	1	1	1	1	1	1	1	1
GCA_013203415.1	1	0	1	0	1	1	1	1	1	1	2	1	1	1	1	2
GCA_013203365.1	1	0	1	0	1	1	1	1	1	1	1	1	1	1	1	1
GCA_013215865.1	1	0	1	0	1	1	1	0	1	1	1	0	1	1	1	1
GCA_013203855.1	1	0	0	0	0	1	1	1	1	1	1	1	1	0	0	1
GCA_013215875.1	1	0	1	0	1	1	1	1	1	1	1	1	1	1	1	1
GCA_013285995.1	0	0	0	0	0	0	0	1	1	0	0	1	0	0	0	0
GCA_013286945.1	1	0	1	0	0	1	0	0	0	1	1	0	1	0	1	1
GCA_013287405.1	1	0	1	0	1	1	1	1	1	1	1	1	1	1	1	1
GCA_013287845.1	1	0	1	0	1	1	1	0	0	1	1	0	1	1	1	1
GCA_013289085.1	1	0	1	0	1	1	1	1	1	1	1	1	1	1	1	1
GCA_013289145.1	0	0	1	0	1	0	1	1	1	0	0	1	1	1	1	0
GCA_013314795.1	1	0	1	0	1	1	1	1	1	1	0	1	1	1	1	1
GCA_013329505.1	1	1	0	1	1	0	1	1	1	1	1	1	1	1	1	1
GCA_013335425.1	1	0	1	0	1	1	1	1	1	1	1	1	1	0	1	1
GCA_013290045.1	1	1	1	1	1	0	0	1	1	1	1	1	1	1	1	1
GCA_013336065.1	1	0	1	0	1	1	1	1	1	0	1	1	1	1	1	1
GCA_013336165.1	1	0	1	0	1	1	1	1	1	1	1	1	1	1	1	1
GCA_013348725.1	1	0	1	0	1	1	1	1	1	1	1	1	1	1	1	1
GCA_013360765.1	0	0	0	0	0	0	0	0	0	0	0	1	0	0	0	0
GCA_013360285.1	1	0	1	0	1	1	1	1	1	1	1	1	1	1	1	1
GCA_013360915.1	1	0	1	0	1	1	1	1	1	1	1	1	1	1	1	1
GCA_013360945.1	1	0	1	0	1	1	1	1	1	1	1	1	1	1	1	1
GCA_013373515.1	1	0	1	0	1	1	1	0	0	1	1	0	1	1	1	1
GCA_013375405.1	1	1	1	1	1	0	1	1	1	1	0	1	1	1	0	0
GCA_013388435.1	1	0	1	0	1	1	1	1	1	1	1	1	1	1	1	1
GCA_013389075.1	1	0	1	0	1	1	1	1	1	1	1	1	1	1	1	1
GCA_013388845.1	1	0	1	0	1	1	1	1	1	1	1	1	1	1	1	1
GCA_013414725.1	1	0	1	0	1	0	1	1	1	1	0	1	1	0	1	1
GCA_013626165.1	1	0	1	0	1	1	1	1	1	1	1	1	1	0	1	1
GCA_013695255.1	1	0	1	0	1	1	1	1	1	1	1	1	1	1	1	1
GCA_013695765.1	1	0	1	0	1	1	1	1	1	1	1	1	1	1	1	1
GCA_013695835.1	1	0	1	0	1	1	1	1	1	1	1	1	1	1	1	1
GCA_013696235.1	0	0	0	0	0	0	0	0	0	0	0	0	0	0	0	0
GCA_013696835.1	1	0	1	0	1	1	1	1	1	1	1	1	1	1	1	1
GCA_013696915.1	1	0	1	0	1	1	1	1	1	1	1	1	1	1	1	1
GCA_013697045.1	1	0	1	0	1	1	1	1	1	1	1	1	1	1	1	1
GCA_013697395.1	1	0	1	0	1	1	1	1	1	1	2	1	1	1	1	2
GCA_013698395.1	1	0	1	0	1	1	1	2	2	1	1	2	1	1	1	1
GCA_013791675.1	1	0	1	0	1	1	1	1	1	1	1	1	0	1	1	1
GCA_013816485.1	1	0	1	0	1	1	1	1	1	1	1	1	1	1	1	1
GCA_013817245.1	1	0	1	0	1	1	1	1	1	1	1	1	1	1	1	1
GCA_013817465.1	1	0	1	0	1	1	1	1	1	1	1	1	1	1	1	1
GCA_014055525.1	1	0	1	0	1	1	1	1	1	1	1	1	1	1	1	1
GCA_014238315.1	1	0	1	0	1	1	0	1	1	1	1	1	1	1	1	1
GCA_014238205.1	1	0	1	0	1	1	1	1	1	1	1	1	1	1	1	1
GCA_014238345.1	1	0	1	0	1	1	1	1	1	1	1	1	1	1	1	1
GCA_014238595.1	1	0	1	0	1	1	1	1	1	1	1	1	1	1	1	1
GCA_014239585.1	1	1	1	0	1	0	1	1	1	1	1	1	1	1	1	1
GCA_014240275.1	1	0	1	0	1	1	1	1	1	1	1	1	1	1	1	1
GCA_014323835.1	1	0	1	0	1	1	1	1	1	1	1	1	1	1	1	1
GCA_014324045.1	1	0	1	0	1	1	1	1	1	1	1	1	1	1	1	1
GCA_014359565.1	1	0	1	0	1	1	1	1	1	1	1	1	1	1	1	1
GCA_014240375.1	1	0	1	0	1	1	1	1	1	1	1	1	1	1	1	1
GCA_014360055.1	1	0	1	0	1	1	1	1	1	1	1	1	1	1	1	1
GCA_014360465.1	1	0	1	0	1	1	1	1	1	1	1	1	1	1	1	1
GCA_014360645.1	1	0	1	0	1	1	1	1	1	1	1	1	1	1	1	1
GCA_014360845.1	1	0	1	0	1	1	1	1	1	1	1	1	1	1	1	1
GCA_014360855.1	1	0	1	0	1	1	1	1	1	1	1	1	1	1	1	1
GCA_014360945.1	1	0	1	0	1	1	1	1	1	1	1	2	1	1	1	1
GCA_014361085.1	1	1	1	1	1	0	0	1	1	1	1	1	1	1	1	1
GCA_014361165.1	1	1	1	1	1	0	1	1	1	1	1	1	1	1	1	1
GCA_014377495.1	1	0	1	0	1	1	1	1	1	1	1	1	1	1	1	1
GCA_014379585.1	1	0	1	0	1	1	1	1	1	1	1	1	1	1	1	1
GCA_014382495.1	1	0	1	0	1	1	1	1	1	1	1	1	1	1	1	1
GCA_014383605.1	1	0	1	0	1	1	1	1	1	1	1	1	1	1	1	1
GCA_014728185.1	1	0	1	0	1	1	1	1	1	1	1	1	1	1	1	1
GCA_014728245.1	1	0	1	0	1	1	1	1	1	1	1	1	1	1	1	1
GCA_014728525.1	1	0	1	0	1	1	1	1	1	1	1	1	1	1	1	1
GCA_014729025.1	1	0	1	0	1	1	1	1	1	1	1	1	1	1	1	1
GCA_014729895.1	1	0	0	0	1	1	1	1	1	1	1	0	0	1	1	1
GCA_014730175.1	1	0	1	0	1	1	1	1	1	1	1	1	1	1	1	1
GCA_014730235.1	1	0	1	0	1	1	0	1	1	1	1	1	1	0	1	1
GCA_014762485.1	0	0	0	0	0	0	0	0	0	0	0	0	0	0	0	0
GCA_014859085.1	1	0	1	0	1	1	1	1	1	1	1	1	1	1	1	1
GCA_014874385.1	1	0	1	0	1	1	1	1	1	1	1	1	1	1	1	1
GCA_014879435.1	1	0	1	0	1	1	1	1	1	1	1	1	1	1	1	1
GCA_014879555.1	1	0	1	0	1	1	1	1	1	1	1	1	1	1	1	1
GCA_014874485.1	1	0	1	0	1	1	1	1	1	1	1	1	1	1	1	1
GCA_014879665.1	1	0	1	0	1	1	1	1	1	1	1	1	1	1	1	1
GCA_014879765.1	1	0	1	0	1	1	1	1	1	1	1	1	1	1	1	1
GCA_014896355.1	1	0	1	0	1	1	1	1	1	1	1	1	1	1	1	1
GCA_014896485.1	1	0	1	0	1	1	1	1	1	1	1	1	1	1	1	1
GCA_014896375.1	1	0	1	0	1	1	1	1	1	1	1	1	1	1	1	1
GCA_014896575.1	1	0	1	0	1	1	1	1	1	1	1	1	1	1	1	1
GCA_014896945.1	1	0	1	0	1	1	1	1	1	1	1	1	1	1	1	1
GCA_015056475.1	1	0	1	0	0	1	0	0	0	1	1	0	1	0	1	1
GCA_015056545.1	1	0	1	0	1	1	1	1	1	1	1	1	1	1	1	1
GCA_015068905.1	1	0	1	0	1	1	1	1	1	1	1	1	1	1	1	1
GCA_015068925.1	1	0	1	0	1	1	1	1	1	1	1	1	1	1	2	1
GCA_015075175.1	1	0	0	0	1	0	0	1	1	0	1	1	1	0	1	1
GCA_015068985.1	0	0	0	0	0	0	0	0	0	0	0	0	0	0	0	0
GCA_015075375.1	1	0	1	0	1	0	1	1	1	1	1	1	1	1	1	1
GCA_015075515.1	1	0	1	0	1	1	1	1	1	1	1	1	1	1	1	1
GCA_015075745.1	1	0	1	0	1	1	1	1	1	1	1	1	1	1	1	1
GCA_015122065.1	1	1	1	0	1	0	1	0	0	1	1	1	1	1	1	1
GCA_015163845.1	1	0	1	0	1	1	1	0	1	1	2	1	1	1	1	1
GCA_015222405.1	1	0	1	0	1	1	1	1	1	1	1	1	1	1	1	1
GCA_015222755.1	2	0	1	0	1	1	1	1	1	1	1	1	2	1	1	1
GCA_015231345.1	2	0	1	0	1	1	1	1	1	1	1	1	1	1	1	1
GCA_015231655.1	1	0	1	0	1	1	1	1	1	1	1	1	1	1	1	1
GCA_015231815.1	0	0	0	0	0	1	0	1	1	1	1	1	0	0	0	1
GCA_015233235.1	1	0	1	0	1	1	1	1	1	1	1	1	1	1	1	1
GCA_015233285.1	0	0	0	0	0	0	0	0	0	0	0	0	0	0	0	0
GCA_015272465.1	1	0	1	0	1	1	1	1	1	1	1	1	1	1	1	1
GCA_015234015.1	1	0	1	0	1	1	1	1	1	1	1	1	1	1	1	1
GCA_015272495.1	1	0	1	0	1	1	1	1	1	1	1	1	1	1	1	1
GCA_015278175.1	1	0	1	0	1	1	1	1	1	1	1	1	1	1	1	1
GCA_015484945.1	1	0	1	0	1	1	1	1	1	1	1	1	1	1	1	1
GCA_015484715.1	1	0	1	0	1	1	1	0	0	1	1	0	1	1	1	1
GCA_015485655.1	1	0	1	0	1	1	1	1	1	1	1	1	1	1	1	1
GCA_015486055.1	1	0	1	0	1	1	1	1	1	1	1	1	1	1	1	1
GCA_015485455.1	1	0	1	0	1	1	1	1	1	1	1	1	1	1	1	1
GCA_015486095.1	1	0	1	0	1	1	1	0	1	1	1	1	1	1	1	1
GCA_015486235.1	1	0	1	0	1	1	1	1	1	1	1	1	1	1	1	1
GCA_015486675.1	1	0	1	0	1	1	1	1	1	1	1	1	1	1	1	1
GCA_015486285.1	1	0	1	0	1	1	1	1	1	1	1	2	1	1	1	1
GCA_015486685.1	1	0	1	0	1	1	1	1	1	1	1	1	1	1	1	1
GCA_015486815.1	1	0	1	0	1	1	1	0	0	1	1	0	1	1	1	1
GCA_015486955.1	1	0	1	0	1	1	1	1	1	1	1	1	1	1	1	1
GCA_015486855.1	1	0	1	0	1	1	1	1	1	1	1	1	1	1	1	1
GCA_015487895.1	1	0	1	0	1	1	1	1	1	1	1	1	1	1	1	1
GCA_015487535.1	1	0	1	0	1	1	0	1	1	0	0	1	1	1	1	0
GCA_015488555.1	1	0	1	0	1	1	1	1	1	1	1	1	1	1	1	1
GCA_015489595.1	1	0	1	0	1	1	1	1	1	1	1	1	1	1	1	1
GCA_015488025.1	1	0	1	0	1	1	1	1	1	1	1	1	1	1	1	1
GCA_015490395.1	1	0	1	0	1	1	1	1	1	1	1	1	1	1	1	1
GCA_015490255.1	0	0	0	0	1	1	1	1	1	1	1	1	0	1	1	1
GCA_015490555.1	1	0	1	0	1	1	1	1	1	1	1	1	1	1	1	1
GCA_015490705.1	1	0	1	0	1	1	1	1	1	1	1	1	1	1	1	1
GCA_015491535.1	1	0	1	0	1	1	1	1	1	1	1	1	1	1	1	1
GCA_015491235.1	1	0	1	0	1	1	1	1	1	1	1	1	1	1	1	1
GCA_015491815.1	1	0	1	0	1	1	0	1	1	1	1	1	1	1	1	1
GCA_015492395.1	1	0	1	0	1	1	0	1	1	1	1	1	1	1	1	1
GCA_015492605.1	1	0	1	0	1	1	1	1	1	1	1	1	1	1	1	1
GCA_015492695.1	1	0	1	0	1	1	1	1	1	1	1	1	1	1	1	1
GCA_015492775.1	1	0	1	0	1	1	1	1	1	1	1	1	1	1	1	1
GCA_015493505.1	1	0	1	0	1	1	1	1	1	1	1	1	1	1	1	1
GCA_015494465.1	1	0	1	0	1	1	1	1	1	1	1	1	1	1	1	1
GCA_015494645.1	1	0	1	0	1	1	1	1	1	1	1	1	1	1	1	1
GCA_015520405.1	1	1	0	0	1	0	0	0	0	1	1	1	1	0	1	1
GCA_015520975.1	1	1	0	1	1	0	1	1	1	1	1	1	1	1	1	1
GCA_015521825.1	1	1	1	1	1	0	1	1	1	1	1	1	1	1	1	1
GCA_015521565.1	1	1	1	1	1	0	1	1	1	1	1	1	1	1	1	1
GCA_015522495.1	1	1	1	1	1	0	1	1	1	1	1	1	1	1	1	1
GCA_015522425.1	0	0	1	1	0	0	0	0	0	0	0	1	0	0	0	0
GCA_015659975.1	1	0	1	0	1	1	1	1	1	1	1	1	1	1	1	1
GCA_015522885.1	1	1	1	1	1	0	1	1	1	1	1	1	1	1	1	1
GCA_015660205.1	1	0	1	0	1	1	1	1	1	1	1	1	1	1	1	1
GCA_016124315.1	1	0	1	0	0	1	0	0	0	1	1	0	1	0	1	1
GCA_015711795.1	1	0	1	0	1	1	1	1	1	1	1	1	1	1	1	1
GCA_016124415.1	1	0	1	0	1	1	1	1	1	1	1	1	1	1	1	1
GCA_016125375.1	1	0	1	0	1	1	1	1	1	1	1	1	1	1	1	1
GCA_016176845.1	1	0	1	0	1	1	1	1	1	1	1	1	1	1	1	1
GCA_016177145.1	1	0	1	0	1	1	1	1	1	1	1	1	1	1	1	1
GCA_016177245.1	1	0	1	0	1	1	1	1	1	1	1	1	1	1	1	1
GCA_016178505.1	1	0	1	0	1	1	1	1	1	1	1	1	1	1	1	1
GCA_016178585.1	1	0	1	0	1	1	1	1	1	1	1	1	1	1	1	1
GCA_016179685.1	1	0	1	0	1	1	1	1	1	1	1	1	1	1	1	1
GCA_016180425.1	1	0	1	0	1	1	1	1	1	1	1	1	1	1	1	1
GCA_016180645.1	1	0	1	0	1	1	1	1	1	1	1	1	1	1	1	1
GCA_016180815.1	1	0	1	0	1	1	1	1	1	1	1	1	1	1	1	1
GCA_016182365.1	1	0	1	0	1	1	1	1	1	1	1	1	1	1	1	1
GCA_016180965.1	1	1	0	0	1	0	1	1	1	1	1	0	1	1	1	1
GCA_016182525.1	1	0	1	0	1	1	1	0	1	1	1	1	1	1	1	1
GCA_016183425.1	1	0	1	0	1	1	1	1	1	1	1	1	1	1	1	1
GCA_016183865.1	1	0	1	0	1	1	1	1	1	1	0	1	1	1	1	1
GCA_016183885.1	1	0	1	0	1	1	1	1	1	1	1	1	1	1	1	0
GCA_016183895.1	1	0	1	0	1	1	1	1	1	1	3	1	1	1	1	1
GCA_016186045.1	1	0	1	0	1	1	1	1	1	1	1	1	1	1	1	1
GCA_016186995.1	1	0	1	0	1	1	1	1	1	1	1	1	1	1	1	1
GCA_016187225.1	1	0	1	0	1	1	1	1	1	1	1	1	1	1	1	1
GCA_016188015.1	2	0	1	0	1	1	0	0	0	1	1	0	1	1	1	1
GCA_016188355.1	1	0	1	0	1	1	1	1	1	1	1	1	1	1	1	1
GCA_016188605.1	1	0	1	0	1	1	1	1	1	1	1	1	1	1	1	1
GCA_016188575.1	1	0	1	0	1	1	1	1	1	1	1	1	1	1	1	1
GCA_016188765.1	1	0	1	0	1	1	1	1	1	1	1	1	1	1	1	1
GCA_016188775.1	1	0	1	0	1	1	1	1	1	1	1	1	1	1	1	1
GCA_016188915.1	1	0	1	0	1	1	1	1	1	1	1	1	1	1	1	1
GCA_016189825.1	1	0	0	0	0	1	1	1	1	1	1	1	1	0	0	1
GCA_016189835.1	1	0	1	0	1	1	1	1	1	1	1	1	1	1	1	1
GCA_016190005.1	1	0	1	0	1	1	1	1	1	1	1	1	1	1	1	1
GCA_016190025.1	1	0	1	0	1	1	1	1	1	1	1	1	1	1	1	1
GCA_016190145.1	1	0	1	0	1	1	1	1	1	1	1	1	1	1	0	1
GCA_016190175.1	1	0	1	0	1	1	1	1	1	1	2	1	1	1	1	1
GCA_016190205.1	1	0	1	0	1	1	1	1	1	1	1	1	1	1	1	1
GCA_016190305.1	1	0	1	0	1	1	1	1	1	1	1	1	1	1	1	1
GCA_016190375.1	1	0	1	0	1	1	1	1	1	1	1	1	1	1	0	1
GCA_016190445.1	1	0	1	0	1	1	1	1	1	1	1	1	1	1	1	1
GCA_016190505.1	1	0	1	0	1	1	1	1	1	1	1	1	1	1	1	1
GCA_016190625.1	1	0	1	0	1	1	1	0	0	1	1	0	1	1	1	1
GCA_016190665.1	1	0	1	0	1	1	1	1	1	1	1	1	1	1	1	1
GCA_016190815.1	1	0	1	0	1	1	1	1	1	1	1	1	1	1	1	1
GCA_016191085.1	1	0	1	0	1	1	1	1	1	1	1	1	1	1	1	1
GCA_016191235.1	1	0	1	0	1	1	1	1	1	1	1	1	1	1	1	1
GCA_016191335.1	1	0	1	0	1	1	1	1	1	1	1	1	1	1	1	1
GCA_016192035.1	1	0	1	0	1	1	1	1	1	1	1	1	1	1	1	1
GCA_016192455.1	1	0	1	0	1	1	1	1	1	1	1	1	1	1	1	1
GCA_016192655.1	1	0	1	0	1	1	1	1	1	1	0	1	1	1	1	1
GCA_016192705.1	1	0	1	0	1	1	1	1	1	0	1	1	1	1	1	1
GCA_016193065.1	1	0	1	0	1	1	1	1	1	1	1	1	1	1	1	1
GCA_016194285.1	1	0	1	0	1	1	1	1	1	1	1	1	1	1	1	1
GCA_016195325.1	1	0	1	0	1	1	1	1	1	1	1	1	0	1	1	1
GCA_016195465.1	1	0	1	0	1	1	1	1	1	1	1	1	1	1	1	1
GCA_016196625.1	1	0	1	0	1	1	1	1	1	1	1	1	1	1	1	1
GCA_016196915.1	1	0	1	0	1	1	1	1	1	1	1	1	1	1	1	1
GCA_016197155.1	1	0	1	0	1	1	1	1	1	1	1	1	1	1	1	1
GCA_016197285.1	1	0	1	0	1	1	1	1	1	1	1	1	1	1	1	1
GCA_016198745.1	1	0	1	0	1	0	1	1	1	1	1	1	1	1	1	1
GCA_016199065.1	1	0	1	0	1	1	1	1	1	1	1	1	1	1	1	1
GCA_016199255.1	0	0	1	0	1	0	0	0	0	1	1	0	0	1	1	1
GCA_016199325.1	1	0	1	0	1	1	1	1	1	1	1	1	1	1	1	1
GCA_016200345.1	1	0	1	0	1	1	1	1	1	1	1	1	1	1	1	1
GCA_016200445.1	1	0	1	0	1	1	1	1	1	1	1	1	1	1	1	0
GCA_016200465.1	1	0	1	0	1	1	1	1	1	1	1	1	1	1	1	1
GCA_016200485.1	1	0	1	0	1	1	1	1	1	1	1	1	1	1	1	1
GCA_016201015.1	1	0	1	0	1	1	1	1	1	1	1	1	1	1	1	1
GCA_016201345.1	1	0	1	0	1	1	1	1	1	1	1	1	1	1	1	1
GCA_016201705.1	1	0	1	0	1	1	1	1	1	1	1	1	1	1	1	1
GCA_016201765.1	1	0	1	0	1	1	1	1	1	1	1	1	1	1	1	1
GCA_016201825.1	1	0	1	0	1	1	1	1	1	1	1	1	1	1	1	1
GCA_016201905.1	1	0	1	0	1	1	1	1	1	1	1	1	1	1	1	1
GCA_016202325.1	1	0	1	0	1	1	1	1	1	1	1	1	1	1	1	1
GCA_016202395.1	1	0	1	0	1	1	1	1	1	1	1	1	1	1	1	1
GCA_016202485.1	1	0	1	0	1	1	1	1	1	1	1	1	1	1	1	1
GCA_016202695.1	1	0	1	0	1	1	1	1	1	1	1	1	1	1	1	1
GCA_016202865.1	0	0	1	1	1	0	1	1	1	0	0	1	0	1	1	0
GCA_016202915.1	1	0	1	0	1	1	1	1	1	1	1	1	1	1	1	1
GCA_016203755.1	1	0	1	0	1	1	1	1	1	1	1	1	1	1	1	2
GCA_016203765.1	1	0	1	0	1	1	0	0	0	1	1	0	1	1	1	1
GCA_016203935.1	1	0	1	0	1	1	1	1	1	1	1	1	1	1	1	1
GCA_016204585.1	1	0	1	0	1	1	1	1	1	1	1	1	1	1	1	1
GCA_016204975.1	1	0	1	0	1	1	1	1	1	1	1	1	1	1	1	1
GCA_016205045.1	1	0	1	0	1	1	1	1	1	1	1	1	1	1	1	1
GCA_016205125.1	0	0	1	0	1	0	1	1	1	0	0	1	0	1	1	0
GCA_016206165.1	1	0	1	0	1	1	1	1	1	1	1	1	1	1	1	1
GCA_016206675.1	1	0	1	0	1	1	1	1	1	1	1	1	1	1	1	1
GCA_016206785.1	1	0	1	0	1	1	1	1	1	1	1	1	1	1	1	1
GCA_016206925.1	1	0	1	0	1	1	1	1	1	1	1	1	1	1	1	1
GCA_016206945.1	1	0	1	0	1	1	1	1	1	1	1	1	1	1	1	1
GCA_016207225.1	1	1	0	1	1	0	1	1	1	1	1	1	1	1	1	0
GCA_016207405.1	1	0	1	0	1	1	1	1	1	1	1	1	1	1	1	1
GCA_016207465.1	1	1	0	1	1	0	1	1	1	0	0	0	1	1	1	0
GCA_016207515.1	1	1	1	1	1	0	0	1	1	1	1	1	1	1	1	1
GCA_016208165.1	1	0	1	0	1	1	1	1	1	1	1	1	1	1	1	1
GCA_016208205.1	1	0	1	0	1	1	1	1	2	1	1	1	1	1	1	1
GCA_016208615.1	1	0	1	0	1	0	1	1	1	0	1	1	1	1	1	1
GCA_016208805.1	1	0	1	0	1	1	1	1	1	1	1	1	1	1	1	1
GCA_016209155.1	0	0	1	0	0	1	0	1	1	1	1	1	1	1	1	1
GCA_016209495.1	1	0	1	0	1	1	1	1	1	1	1	1	1	1	0	1
GCA_016209585.1	1	0	1	0	1	1	1	1	1	1	1	1	1	1	1	1
GCA_016209595.1	1	0	1	0	1	1	1	1	1	1	1	1	1	1	1	1
GCA_016209885.1	1	0	1	0	1	1	1	1	1	1	1	1	1	1	1	1
GCA_016210125.1	1	0	1	0	1	1	1	0	1	1	1	0	1	1	1	1
GCA_016210205.1	1	0	1	0	1	1	1	1	1	1	1	1	1	1	1	1
GCA_016210485.1	1	0	1	0	1	1	1	1	1	1	1	1	1	1	1	1
GCA_016210425.1	0	0	1	0	1	0	1	1	1	0	1	1	0	1	1	1
GCA_016210665.1	1	0	1	0	1	1	1	1	1	1	1	1	1	1	1	1
GCA_016210565.1	1	0	1	0	1	1	1	1	1	1	1	1	1	1	1	1
GCA_016210705.1	2	0	1	0	1	1	0	1	1	1	1	0	1	0	1	1
GCA_016210925.1	1	0	1	0	1	1	1	1	1	1	1	1	1	1	1	1
GCA_016212085.1	1	0	1	0	1	1	1	1	1	1	1	1	1	1	1	1
GCA_016211105.1	1	0	1	0	1	1	1	1	1	1	1	1	1	1	1	1
GCA_016212195.1	1	0	1	0	0	1	0	0	0	1	1	0	1	0	1	1
GCA_016212295.1	1	0	1	0	1	1	1	1	1	1	1	1	1	1	1	1
GCA_016212395.1	1	1	1	1	1	0	1	1	1	1	1	1	1	1	1	1
GCA_016213125.1	1	0	1	0	1	1	1	1	1	1	1	1	1	1	1	1
GCA_016213935.1	1	0	1	0	1	1	1	1	1	1	1	1	1	1	1	1
GCA_016214265.1	1	0	1	0	1	1	1	1	1	1	1	1	1	1	1	1
GCA_016214425.1	1	0	1	0	0	1	1	1	1	1	1	1	1	1	1	0
GCA_016214925.1	0	0	1	0	1	1	1	1	1	1	1	1	1	1	1	1
GCA_016215325.1	1	0	1	0	1	1	1	1	1	1	1	1	1	1	1	1
GCA_016217625.1	1	0	2	0	1	1	1	1	1	1	1	0	1	1	1	1
GCA_016218215.1	1	0	1	0	1	1	1	1	1	1	1	1	1	1	1	1
GCA_016218315.1	1	0	1	0	1	1	1	1	1	1	1	1	1	1	1	1
GCA_016218365.1	1	0	1	0	1	1	1	1	1	1	1	1	1	1	1	1
GCA_016218485.1	1	0	1	0	1	1	1	1	1	1	1	1	1	1	1	1
GCA_016218565.1	1	0	1	0	1	1	1	0	1	1	1	0	1	1	1	1
GCA_016218785.1	1	0	0	0	1	1	1	1	1	1	1	1	1	1	0	1
GCA_016218805.1	1	0	1	0	1	1	1	1	1	1	1	1	1	1	1	1
GCA_016218925.1	1	0	1	0	1	1	1	1	1	1	1	1	1	1	1	1
GCA_016218965.1	1	0	1	0	1	1	1	1	1	1	1	1	1	1	1	1
GCA_016219165.1	0	0	1	0	1	0	1	1	1	0	1	1	0	1	1	1
GCA_016219275.1	1	0	1	0	1	1	1	1	1	1	1	1	1	1	1	1
GCA_016220175.1	1	0	1	0	1	1	1	1	1	1	1	1	1	1	1	1
GCA_016234185.1	1	0	1	0	1	1	1	1	1	1	1	1	1	1	1	1
GCA_016222885.1	1	0	1	0	1	1	1	1	1	1	1	1	1	1	1	1
GCA_016235055.1	1	0	1	0	1	1	1	1	1	1	1	1	1	1	1	1
GCA_016235085.1	1	0	1	0	1	1	1	1	1	1	1	1	1	1	1	1
GCA_016235255.1	1	0	1	0	1	1	1	1	1	1	1	1	1	1	1	1
GCA_016282055.1	1	0	1	0	1	1	1	1	1	1	1	1	1	1	1	1
GCA_016278515.1	1	0	1	0	1	1	1	1	1	1	1	1	1	1	1	1
GCA_016283195.1	1	0	1	0	1	1	1	1	1	1	1	1	1	1	1	1
GCA_016288255.1	0	0	0	0	1	0	1	1	1	0	0	1	0	1	0	0
GCA_016342585.1	1	0	1	0	1	1	1	1	1	1	1	1	1	1	1	1
GCA_016342615.1	1	0	1	0	1	1	1	1	1	1	1	1	1	1	1	1
GCA_016292335.1	1	1	0	1	1	0	1	1	1	1	1	1	1	1	1	1
GCA_016432325.1	1	1	1	1	1	0	0	1	1	0	1	1	1	1	1	1
GCA_016462605.1	1	0	1	0	1	1	1	1	1	1	1	1	1	1	1	1
GCA_016463385.1	1	0	1	0	1	1	1	1	1	1	1	1	1	1	1	1
GCA_016699305.1	1	0	1	0	1	1	1	1	1	1	1	1	1	1	1	1
GCA_016699595.1	1	0	1	0	1	1	1	1	1	1	1	1	1	1	1	1
GCA_016706365.1	0	0	1	0	1	1	1	1	1	1	1	1	1	1	1	1
GCA_016706995.1	1	0	1	0	1	1	1	1	1	1	1	1	1	1	1	1
GCA_016709185.1	1	0	1	0	1	1	1	1	1	1	1	1	1	1	1	1
GCA_016710285.1	1	0	1	0	1	1	1	1	1	1	1	1	1	1	1	1
GCA_016711215.1	1	0	1	0	1	1	1	1	1	1	1	1	1	1	1	1
GCA_016711965.1	1	0	1	0	1	1	1	0	1	1	1	1	1	0	1	1
GCA_016712635.1	1	0	1	0	1	1	1	1	1	1	1	1	1	1	1	1
GCA_016713535.1	1	0	1	0	1	0	1	1	1	1	0	1	1	1	1	1
GCA_016716175.1	1	0	1	0	1	1	1	1	1	1	1	1	1	1	1	1
GCA_016716705.1	1	0	1	0	1	1	1	1	1	1	1	1	1	1	1	1
GCA_016717175.1	1	0	1	0	1	1	1	1	1	1	1	1	1	1	1	1
GCA_016718485.1	1	0	1	0	1	1	1	1	1	1	1	1	1	1	1	1
GCA_016721565.1	1	0	1	0	1	1	1	1	1	1	1	1	1	1	1	1
GCA_016720015.1	1	0	1	0	1	1	1	1	1	1	1	1	1	1	1	1
GCA_016721625.1	1	0	1	0	1	1	1	1	1	1	1	1	1	1	1	1
GCA_016743755.1	1	0	1	0	1	1	1	1	1	1	1	1	1	1	1	1
GCA_016764115.1	0	0	0	0	0	0	0	0	0	0	0	0	0	0	0	0
GCA_016765075.1	1	0	1	0	1	1	1	1	1	1	1	1	1	1	1	1
GCA_016765515.1	0	0	0	0	0	0	0	1	1	0	0	1	0	0	0	0
GCA_016776815.1	1	0	1	0	1	1	1	1	1	1	1	1	1	1	1	1
GCA_016744855.1	1	0	1	0	1	1	1	1	1	1	1	1	1	1	1	1
GCA_016778705.1	0	0	0	0	0	0	0	0	0	0	0	0	0	0	0	0
GCA_016781735.1	1	0	1	0	1	1	1	1	1	1	1	1	1	1	1	1
GCA_016782545.1	1	0	1	0	1	1	1	1	1	1	1	1	1	1	1	1
GCA_016783145.1	1	0	1	0	1	1	1	1	1	1	1	1	1	1	1	1
GCA_016783345.1	0	0	0	0	0	0	0	1	0	0	0	0	0	0	0	0
GCA_016781775.1	1	0	1	0	1	1	1	1	1	1	1	1	1	1	1	1
GCA_016783505.1	0	0	0	0	0	0	0	0	0	0	0	0	0	0	0	0
GCA_016783645.1	1	0	1	0	1	1	1	1	1	1	1	1	1	1	1	1
GCA_016784265.1	1	0	1	0	1	1	0	0	0	1	1	0	1	1	1	1
GCA_016786465.1	1	0	1	0	1	1	1	1	1	1	1	1	1	1	1	1
GCA_016788215.1	1	0	1	0	1	1	1	2	2	1	1	1	1	1	1	1
GCA_016792605.1	1	0	1	0	1	1	0	0	0	1	1	0	1	1	1	1
GCA_016793965.1	1	0	1	0	0	1	0	0	0	1	1	0	1	0	0	1
GCA_016794225.1	2	0	1	0	1	1	1	1	1	1	0	1	2	1	1	1
GCA_016794465.1	1	0	1	0	1	1	1	1	1	1	1	1	1	1	1	1
GCA_016794565.1	1	0	1	0	1	1	1	1	1	1	1	1	1	1	1	1
GCA_016795345.1	1	0	1	0	1	1	1	1	1	1	1	1	1	1	1	1
GCA_016839265.1	1	1	1	1	1	0	1	1	1	1	1	1	1	1	1	1
GCA_016839365.1	1	1	1	1	0	0	1	1	1	1	1	1	1	1	0	1
GCA_016839635.1	0	1	1	1	0	0	0	1	1	0	0	1	0	0	0	0
GCA_016840425.1	1	1	1	2	1	0	0	1	1	1	1	1	1	1	1	1
GCA_016840465.1	1	1	1	1	1	0	1	1	1	1	1	1	1	1	1	1
GCA_016840515.1	1	1	1	1	1	0	1	1	1	1	1	1	1	1	1	1
GCA_016841325.1	1	0	1	0	1	1	1	1	1	1	1	1	1	1	1	1
GCA_016841825.1	1	0	1	0	1	1	1	1	1	1	1	1	1	1	1	1
GCA_016844545.1	1	0	1	0	1	1	1	1	1	1	1	1	1	1	1	1
GCA_016842005.1	1	0	1	0	1	1	1	1	1	1	1	1	1	1	1	1
GCA_016844565.1	1	0	1	0	1	1	1	1	1	1	1	1	1	1	1	1
GCA_016845225.1	1	1	1	0	1	0	1	1	1	1	1	1	1	1	1	1
GCA_016866735.1	1	0	1	0	1	1	1	1	1	1	1	1	1	1	1	1
GCA_016861265.1	1	0	1	0	1	1	1	1	1	1	1	1	1	1	1	1
GCA_016867055.1	1	0	1	0	1	1	1	1	1	1	2	1	1	1	1	1
GCA_016867135.1	1	0	1	0	1	1	1	1	1	1	1	1	1	1	1	1
GCA_016867455.1	1	1	1	1	1	0	0	1	1	1	1	1	1	0	1	1
GCA_016867505.1	1	1	1	1	1	0	1	1	1	1	1	1	1	1	1	1
GCA_016867835.1	1	0	1	0	1	1	1	1	1	1	1	1	1	1	1	1
GCA_016869285.1	1	0	1	0	1	1	1	1	1	1	1	1	1	1	1	1
GCA_016869515.1	1	0	1	0	1	1	1	1	1	1	1	1	1	1	1	1
GCA_016870485.1	1	0	1	0	1	1	1	1	1	1	1	1	1	1	1	1
GCA_016873475.1	1	0	1	0	1	1	1	1	1	1	1	0	1	1	1	1
GCA_016875915.1	1	0	1	0	1	1	1	1	1	1	1	1	1	1	1	1
GCA_016875995.1	1	0	1	0	1	1	1	1	1	1	1	1	1	1	1	1
GCA_016887505.1	1	0	1	0	1	1	1	1	1	1	1	1	1	1	1	1
GCA_016926295.1	1	1	1	1	1	0	1	1	1	1	1	1	1	1	1	1
GCA_016926495.1	1	0	1	0	1	1	1	1	0	1	1	0	1	1	1	1
GCA_016927125.1	0	0	0	0	0	0	1	1	1	1	1	1	0	0	0	1
GCA_016927185.1	1	0	1	0	1	1	1	1	1	1	1	1	1	1	1	1
GCA_016927565.1	1	0	1	0	1	1	1	1	1	1	1	1	1	1	1	1
GCA_016927795.1	1	0	1	0	1	1	1	1	1	1	1	1	1	1	1	1
GCA_016927995.1	1	0	1	0	1	1	1	1	1	1	1	1	1	1	1	1
GCA_016928395.1	1	0	1	0	1	1	1	1	1	1	1	1	1	1	1	1
GCA_016928695.1	1	0	1	0	1	1	1	1	1	1	1	1	1	1	1	1
GCA_016928875.1	1	0	1	0	1	1	1	1	1	1	1	1	1	1	1	1
GCA_016928935.1	1	0	1	0	1	1	1	1	1	1	1	1	1	1	1	1
GCA_016929035.1	1	0	1	0	0	1	1	0	1	1	1	1	1	1	0	1
GCA_016929055.1	1	0	1	0	1	1	1	0	1	1	1	0	1	1	1	1
GCA_016929445.1	1	0	1	0	1	1	1	1	1	1	1	1	1	1	1	1
GCA_016929715.1	1	0	1	0	1	1	1	1	1	1	1	1	1	1	1	1
GCA_016930435.1	1	0	1	0	1	1	1	1	1	1	1	1	1	1	1	1
GCA_016930485.1	1	0	1	0	1	1	1	1	1	1	1	1	1	1	1	1
GCA_016929905.1	1	0	1	0	1	1	1	1	1	1	1	1	1	1	1	1
GCA_016930595.1	1	0	1	0	1	1	1	1	1	1	1	0	1	1	1	1
GCA_016930675.1	1	0	1	0	1	1	1	1	1	1	1	1	1	1	1	1
GCA_016931175.1	1	1	1	0	1	0	1	1	1	1	1	1	1	1	1	1
GCA_016930695.1	1	0	1	0	1	1	1	1	1	1	1	1	1	1	1	1
GCA_016931325.1	1	0	1	0	1	1	1	1	1	1	1	1	1	1	1	1
GCA_016931225.1	1	0	1	0	1	1	1	1	1	1	1	1	1	1	1	1
GCA_016931515.1	1	0	1	0	1	1	1	1	1	1	1	1	1	1	1	1
GCA_016931535.1	1	0	1	0	1	1	1	1	1	1	1	1	1	1	1	1
GCA_016931695.1	1	0	1	0	1	1	1	1	1	1	1	1	1	1	1	1
GCA_016932135.1	1	0	1	0	1	1	1	1	1	1	1	1	1	1	1	1
GCA_016932295.1	1	0	1	0	1	1	1	1	1	1	1	1	1	1	1	1
GCA_016932385.1	1	0	1	0	1	1	1	1	1	1	1	1	1	1	1	1
GCA_016932415.1	1	0	1	0	1	1	1	1	1	1	1	1	1	1	1	1
GCA_016932915.1	1	0	1	0	1	1	1	0	1	1	1	0	1	1	1	1
GCA_016932965.1	1	0	1	0	1	1	1	1	1	1	1	1	1	1	1	1
GCA_016933315.1	1	0	1	0	1	1	1	1	1	1	1	1	1	1	1	1
GCA_016933955.1	1	0	1	0	1	1	1	1	1	1	1	1	1	1	1	1
GCA_016934095.1	1	0	1	0	1	1	1	1	1	1	1	1	1	1	1	1
GCA_016934215.1	1	0	1	0	1	1	1	1	1	1	1	1	1	1	1	1
GCA_016934265.1	1	0	1	0	1	1	1	0	1	1	1	1	1	1	1	1
GCA_016934455.1	0	0	0	0	0	0	0	1	0	0	0	0	0	0	0	0
GCA_016934595.1	1	0	1	0	1	1	1	1	1	1	1	1	1	1	1	1
GCA_016934635.1	1	0	1	0	1	1	1	1	1	1	1	1	1	1	1	1
GCA_016934675.1	1	0	1	0	1	1	1	1	1	1	1	1	1	1	1	1
GCA_016934955.1	1	0	1	0	1	1	1	1	1	1	1	1	1	1	1	1
GCA_016935335.1	1	0	1	0	1	1	1	1	1	1	1	1	1	1	1	1
GCA_016935655.1	1	1	1	1	1	0	1	1	1	1	1	0	1	1	1	1
GCA_016935485.1	1	0	1	0	0	1	1	1	1	1	1	1	1	1	1	1
GCA_016935665.1	1	0	1	0	1	1	1	1	1	1	1	1	1	1	1	1
GCA_016936295.1	1	0	1	0	1	1	1	1	1	1	1	1	1	1	1	1
GCA_016936315.1	1	0	1	0	1	1	1	1	1	1	1	1	1	1	1	1
GCA_016936615.1	1	0	1	0	1	1	1	1	1	1	1	1	1	1	1	1
GCA_016936765.1	1	0	1	0	1	1	1	1	1	1	1	1	1	1	1	1
GCA_016936735.1	1	0	1	0	1	1	1	1	1	1	1	1	1	1	1	1
GCA_016936855.1	1	0	1	0	1	1	1	1	1	1	1	1	1	1	1	1
GCA_016937815.1	1	0	1	0	1	1	1	1	1	1	1	1	1	1	1	1
GCA_017161665.1	1	0	1	0	1	1	1	1	1	1	1	0	1	1	1	1
GCA_017161645.1	1	0	1	0	1	1	1	1	1	1	1	1	1	1	1	1
GCA_017302015.1	1	0	1	0	1	1	1	1	1	1	1	1	1	1	1	1
GCA_017390595.1	1	0	1	0	1	1	1	1	1	1	1	1	1	1	1	1
GCA_017393425.1	1	0	1	0	1	1	1	1	1	1	1	1	1	1	1	1
GCA_017409875.1	1	0	1	0	1	1	1	1	1	1	1	1	1	1	1	1
GCA_017411435.1	1	0	1	0	1	1	1	1	1	1	1	1	1	1	1	1
GCA_017417265.1	0	0	0	0	0	0	0	0	0	0	0	0	0	0	0	0
GCA_017161705.1	1	0	1	0	1	1	1	1	1	1	1	1	1	1	1	1
GCA_017421905.1	1	0	1	0	1	0	1	1	1	1	1	1	1	1	1	1
GCA_017421975.1	1	0	1	0	1	1	1	1	1	1	1	1	1	1	1	1
GCA_017442875.1	1	0	1	0	1	1	1	1	1	1	1	1	1	1	1	1
GCA_017453665.1	0	0	1	0	1	0	0	1	2	1	0	1	0	0	1	1
GCA_017444215.1	1	0	1	0	1	1	1	0	0	1	1	0	1	1	1	1
GCA_017481725.1	1	0	1	0	1	1	1	1	1	1	1	1	1	1	1	1
GCA_017507465.1	0	0	0	0	0	0	2	2	2	1	1	2	0	2	0	1
GCA_017512095.1	1	0	1	0	1	0	1	1	1	1	1	1	1	1	1	1
GCA_017558425.1	0	0	0	0	1	0	1	1	1	0	0	1	0	1	0	0
GCA_017578085.1	1	0	1	0	1	1	1	1	1	1	1	1	1	1	1	1
GCA_017608045.1	1	1	1	1	1	0	1	1	1	1	1	1	1	1	1	1
GCA_017608505.1	1	1	1	1	1	0	1	1	1	1	1	1	1	1	1	1
GCA_017609605.1	1	1	1	0	1	0	1	1	1	1	1	1	1	1	1	1
GCA_017610385.1	1	1	1	0	1	0	1	1	1	1	1	1	1	1	1	1
GCA_017620795.1	0	0	0	0	0	0	0	0	0	0	0	0	0	0	0	0
GCA_017624275.1	0	0	0	0	0	0	0	0	0	0	0	0	0	0	0	0
GCA_017640025.1	1	0	1	0	1	1	1	1	1	1	1	1	1	1	1	1
GCA_017656255.1	1	0	1	0	1	1	1	1	1	1	1	1	1	1	1	1
GCA_017656425.1	1	0	1	0	1	1	1	1	1	1	1	1	1	1	1	1
GCA_017743605.1	1	0	1	0	1	1	1	1	1	1	1	1	1	1	1	1
GCA_017861095.1	0	0	0	0	0	0	0	0	0	0	0	0	0	0	0	0
GCA_017861495.1	1	0	1	0	1	0	1	1	1	0	0	1	1	1	1	0
GCA_017857545.1	1	2	1	1	1	0	1	1	1	1	1	1	1	1	1	1
GCA_017889205.1	0	0	0	0	0	0	0	0	0	0	0	0	0	0	0	0
GCA_017983775.1	1	0	1	0	1	1	1	1	1	1	1	1	1	1	1	1
GCA_017985985.1	1	0	1	0	1	1	1	1	1	1	1	1	1	1	1	1
GCA_017993175.1	1	0	1	0	1	1	1	1	1	1	1	1	1	1	1	1
GCA_017881725.1	1	0	1	0	1	1	1	1	1	1	1	1	1	1	1	1
GCA_017993505.1	1	0	1	0	1	1	1	1	1	1	1	1	1	1	1	1
GCA_017995975.1	0	0	0	0	0	0	0	0	0	0	0	0	0	0	0	0
GCA_017994815.1	1	0	1	0	1	1	1	1	1	1	1	1	1	1	1	1
GCA_017996775.1	1	0	1	0	1	1	1	1	1	1	1	1	1	1	0	1
GCA_017997825.1	1	0	1	0	1	1	1	1	1	1	2	0	1	1	1	1
GCA_017998785.1	1	0	1	0	1	1	1	1	1	1	1	1	1	1	1	1
GCA_017999075.1	1	0	1	0	1	1	1	1	1	1	1	1	1	1	1	1
GCA_018001935.1	1	0	1	0	1	1	1	1	1	1	1	1	1	1	1	1
GCA_018005655.1	1	0	1	0	1	1	1	1	1	1	1	1	1	1	1	1
GCA_018006325.1	1	0	1	0	1	1	1	1	1	1	1	1	1	1	1	1
GCA_018053165.1	1	0	1	0	1	1	1	1	1	1	1	1	1	1	1	1
GCA_018053685.1	1	0	1	0	1	1	1	1	1	1	1	1	0	1	1	1
GCA_018056595.1	1	0	1	0	1	1	1	1	1	1	1	1	1	1	1	1
GCA_018060745.1	0	0	0	0	0	0	0	0	0	0	0	0	0	0	0	0
GCA_018061105.1	1	0	1	0	1	1	1	1	1	1	1	1	1	1	1	1
GCA_018061255.1	1	0	1	0	1	1	1	1	1	1	1	1	1	1	1	1
GCA_018221005.1	1	1	1	1	1	0	1	1	1	1	1	1	1	1	1	1
GCA_018241565.1	0	0	0	0	0	0	0	0	0	0	0	0	0	0	0	0
GCA_018263365.1	1	0	1	0	1	1	1	1	1	1	1	1	1	1	1	1
GCA_018263395.1	1	0	1	1	1	0	1	1	1	1	1	1	1	1	1	1
GCA_018266275.1	1	0	1	0	1	1	1	1	1	1	1	1	1	1	1	1
GCA_018335015.1	1	0	1	0	1	1	1	1	1	1	1	1	1	1	1	1
GCA_018332375.1	1	0	1	0	1	1	1	1	1	1	1	1	1	1	1	1
GCA_018396415.1	1	1	1	1	1	0	1	1	1	1	1	1	1	1	1	1
GCA_018363925.1	1	0	1	0	1	1	1	1	1	1	1	1	1	1	1	1
GCA_018399975.1	1	0	1	0	1	1	1	1	1	1	1	1	1	1	1	1
GCA_018400915.1	1	0	1	0	1	1	1	1	1	1	1	1	1	1	0	1
GCA_018401215.1	1	0	1	0	1	1	1	1	1	1	1	1	1	1	1	1
GCA_018402195.1	1	0	1	0	1	1	1	1	1	1	0	1	1	1	1	0
GCA_018432565.1	1	0	1	0	1	1	1	1	1	1	1	1	1	1	1	1
GCA_018434225.1	1	0	1	0	1	1	1	0	1	1	1	1	1	1	1	1
GCA_018433535.1	1	0	1	0	1	1	1	1	1	1	1	1	1	1	1	1
GCA_018435005.1	1	0	1	0	1	1	1	1	1	1	1	1	1	1	1	1
GCA_018435605.1	1	0	1	0	1	1	1	1	1	1	1	1	1	1	1	1
GCA_018609185.1	1	0	0	0	1	1	1	1	1	1	1	1	1	1	1	1
GCA_018609785.1	1	0	1	0	1	1	1	1	1	1	1	1	1	1	1	1
GCA_018606645.1	1	0	1	0	1	1	1	1	1	1	1	1	1	1	1	1
GCA_018609825.1	2	0	2	0	2	1	2	2	2	1	2	2	2	2	2	2
GCA_018609925.1	1	0	0	0	0	1	0	1	1	1	1	1	1	0	0	1
GCA_018610025.1	1	1	0	0	0	0	1	1	1	1	1	1	1	1	0	1
GCA_018609935.1	1	1	1	1	1	0	1	1	1	1	1	1	1	1	0	1
GCA_018644845.1	1	0	1	0	1	1	1	1	1	1	1	1	1	1	1	1
GCA_018645275.1	1	0	1	0	1	1	1	1	1	1	1	1	1	2	1	1
GCA_018648305.1	1	0	1	0	1	1	1	1	1	1	1	1	1	1	1	1
GCA_018650465.1	1	0	1	0	1	1	1	1	1	1	1	1	1	1	1	1
GCA_018651045.1	1	0	1	0	1	1	1	1	1	1	1	1	1	1	1	1
GCA_018656335.1	1	0	1	0	1	1	1	1	1	1	1	1	1	1	1	1
GCA_018657625.1	0	0	0	0	0	0	0	1	0	0	0	0	0	0	0	0
GCA_018658465.1	1	0	1	0	1	1	1	1	1	1	1	1	1	1	1	1
GCA_018662945.1	1	0	1	0	1	1	1	1	1	1	1	1	1	1	1	1
GCA_018663725.1	0	0	0	0	0	0	0	0	0	0	0	0	0	0	0	0
GCA_018663685.1	1	0	1	0	1	1	1	1	1	1	1	1	1	1	1	1
GCA_018665225.1	1	0	1	0	1	1	1	1	1	1	0	1	1	1	1	0
GCA_018666955.1	1	0	1	0	1	1	1	0	1	1	1	0	1	1	1	1
GCA_018666605.1	1	0	1	0	1	1	1	1	1	1	1	1	1	1	1	1
GCA_018671315.1	1	0	1	0	1	1	1	1	1	1	1	1	1	1	1	1
GCA_018669375.1	0	0	0	0	1	0	1	1	1	0	0	1	0	1	1	0
GCA_018675555.1	1	0	1	0	1	0	1	1	1	0	0	0	1	1	1	0
GCA_018676555.1	1	0	1	0	1	1	1	1	1	1	1	1	1	1	1	1
GCA_018676875.1	1	0	1	0	1	1	1	1	1	1	1	1	1	1	1	1
GCA_018692295.1	0	0	0	0	0	0	0	0	0	0	0	0	0	0	0	0
GCA_018693395.1	1	0	1	0	1	1	1	1	1	1	1	1	1	1	1	1
GCA_018693855.1	1	0	1	0	1	1	1	1	1	1	1	1	1	1	1	1
GCA_018699495.1	1	0	1	0	1	1	1	1	1	1	1	1	1	1	1	1
GCA_018700995.1	1	0	1	0	1	1	1	1	1	1	1	1	1	1	1	1
GCA_018701105.1	1	0	1	0	1	1	1	1	1	1	1	1	1	1	1	1
GCA_018701515.1	1	0	1	0	1	1	1	1	1	1	1	1	1	1	1	1
GCA_018702995.1	1	0	1	0	1	1	1	0	1	1	1	1	1	1	1	1
GCA_018725175.1	1	0	1	0	1	1	1	1	1	1	1	1	1	1	1	1
GCA_018780035.1	1	0	1	0	1	1	1	1	1	1	1	1	1	1	1	1
GCA_018812345.1	1	0	1	0	1	1	1	1	1	1	1	1	1	1	1	1
GCA_018812485.1	1	0	1	0	1	1	1	1	1	1	1	1	1	1	1	1
GCA_018812585.1	1	0	1	0	1	1	1	1	1	1	1	1	1	1	1	1
GCA_018812925.1	1	0	1	0	1	1	1	1	1	1	1	1	1	1	1	1
GCA_018813925.1	1	0	1	0	1	1	1	1	1	1	2	1	1	1	1	1
GCA_018814055.1	0	0	0	0	0	0	1	1	1	0	1	1	0	1	0	1
GCA_018814995.1	1	0	1	0	1	1	1	1	1	1	1	1	1	1	1	1
GCA_018815065.1	1	0	1	0	1	1	1	1	1	1	1	1	1	1	1	1
GCA_018816215.1	1	0	1	0	1	1	1	1	1	1	1	1	1	1	1	1
GCA_018816645.1	1	0	1	0	1	1	1	1	1	1	1	1	1	1	1	1
GCA_018817085.1	1	0	1	0	1	1	1	1	1	1	1	1	1	1	1	1
GCA_018817195.1	1	0	1	0	1	1	1	1	1	1	1	1	1	1	1	1
GCA_018817365.1	1	0	1	0	1	1	1	1	1	1	1	1	1	1	1	1
GCA_018818105.1	1	0	1	0	1	1	1	1	1	1	1	1	1	1	1	1
GCA_018818265.1	1	0	1	0	1	1	1	1	1	1	1	1	1	1	1	1
GCA_018818905.1	1	0	1	0	1	1	1	1	1	1	1	1	1	1	1	1
GCA_018819135.1	1	0	1	0	1	1	1	1	1	1	1	1	1	1	1	1
GCA_018819565.1	1	0	1	0	1	1	1	1	1	1	1	1	1	1	1	1
GCA_018821285.1	1	0	1	0	1	1	1	1	1	1	1	1	1	1	1	1
GCA_018822565.1	1	0	1	0	1	1	0	0	0	1	1	0	1	1	1	1
GCA_018823415.1	1	0	1	0	1	1	1	1	1	1	1	1	1	1	1	1
GCA_018824365.1	1	1	1	1	1	0	0	1	1	1	1	1	1	1	1	1
GCA_018825025.1	1	0	1	0	1	1	1	1	1	1	1	1	1	1	1	1
GCA_018824895.1	1	0	1	0	1	2	1	1	1	1	1	1	1	1	1	1
GCA_018825785.1	1	0	1	0	1	1	1	1	1	1	1	1	1	1	1	1
GCA_018828505.1	1	0	1	0	1	1	1	1	2	1	1	1	1	1	1	1
GCA_018828825.1	1	0	1	0	1	1	1	1	1	1	1	1	1	1	1	1
GCA_018829905.1	1	0	1	0	1	1	1	1	1	1	1	1	1	1	1	1
GCA_018830405.1	1	0	1	0	1	1	1	1	1	1	1	1	1	1	1	1
GCA_018830605.1	1	0	1	0	1	1	2	1	1	1	1	1	1	1	1	1
GCA_018830725.1	1	0	1	0	1	1	1	1	1	1	1	1	1	1	1	1
GCA_018883285.1	1	0	1	0	1	1	1	1	1	1	1	1	1	1	1	1
GCA_018896025.1	1	0	1	0	1	1	1	1	1	1	1	1	1	1	1	1
GCA_018896195.1	1	0	1	0	1	1	2	1	1	1	1	1	1	1	1	1
GCA_018896215.1	1	0	1	0	1	1	1	1	1	1	1	1	1	1	1	1
GCA_018897095.1	1	0	1	0	1	1	1	1	1	1	1	1	1	1	1	1
GCA_018899075.1	1	0	1	0	1	0	1	1	1	0	1	1	1	1	1	1
GCA_018902915.1	1	0	1	0	1	1	1	1	1	1	1	1	1	1	1	1
GCA_018903055.1	1	0	1	0	1	1	1	1	1	1	1	1	1	1	1	1
GCA_018920365.1	1	1	1	1	1	0	1	1	1	1	1	1	1	1	1	1
GCA_018970565.1	1	0	1	0	1	1	1	1	1	1	1	1	1	1	1	1
GCA_018968785.1	1	0	1	0	1	1	0	1	1	1	1	1	1	1	1	1
GCA_018971345.1	1	0	1	0	1	1	1	1	1	1	1	1	1	1	1	1
GCA_019056785.1	1	1	1	1	1	0	0	0	0	1	1	0	1	1	1	1
GCA_019057635.1	1	1	1	1	1	0	1	1	1	1	1	1	1	1	1	1
GCA_019057715.1	0	1	1	1	0	0	1	1	1	0	0	0	0	1	0	0
GCA_019112945.1	0	0	1	0	1	0	1	1	1	0	1	1	1	1	1	1
GCA_019058495.1	1	1	1	1	1	0	1	1	1	0	0	1	1	1	1	0
GCA_019186965.1	1	0	1	0	1	1	1	1	1	1	1	1	1	1	1	1
GCA_019236785.1	1	0	1	0	1	1	1	1	1	1	1	1	1	1	1	1
GCA_019136375.1	0	0	0	0	0	0	1	1	1	0	1	1	0	1	0	1
GCA_019247495.1	1	0	1	0	1	1	1	1	1	1	0	1	1	1	1	0
GCA_019239895.1	1	0	1	0	1	1	1	1	1	1	1	1	1	1	1	1
GCA_019247515.1	1	0	1	0	1	1	1	1	1	1	1	1	1	1	1	1
GCA_900299205.1	1	0	1	0	1	1	1	1	1	1	1	1	1	1	1	1
GCA_900313935.1	1	0	1	0	1	1	1	1	1	1	1	1	1	1	1	1
GCA_900321865.1	0	0	0	0	0	0	0	0	0	0	0	0	0	0	0	0
GCA_900546025.1	1	0	1	0	1	1	1	1	1	1	1	1	1	1	1	1
GCA_900555525.1	0	0	0	0	0	0	0	1	1	0	0	1	0	0	0	0
GCA_902158735.1	1	1	0	1	1	0	1	1	1	1	1	0	1	1	1	1
GCA_900762815.1	1	0	1	0	1	1	1	1	1	1	1	1	1	1	1	1
GCA_902384675.1	1	1	1	1	1	0	1	1	1	1	1	1	1	1	1	1
GCA_902384795.1	1	1	1	1	1	0	1	1	1	1	1	1	1	1	1	1
GCA_902386535.1	1	1	1	1	1	0	1	1	1	1	1	1	1	1	1	1
GCA_902373525.1	1	0	1	0	1	1	1	1	1	1	1	1	1	1	1	1
GCA_902505605.1	0	0	0	0	0	0	0	0	0	1	1	1	0	0	0	1
GCA_902520215.1	0	0	0	0	0	0	0	0	0	0	0	0	0	0	0	0
GCA_902558105.1	1	0	1	0	1	1	1	1	1	1	1	1	1	1	1	1
GCA_902551695.1	1	0	1	0	1	1	1	1	1	1	1	1	1	1	1	1
GCA_902578465.1	1	0	0	0	1	1	1	1	1	1	1	1	1	1	1	1
GCA_902592055.1	0	0	0	0	0	0	0	0	0	0	0	0	0	0	0	0
GCA_902602785.1	0	0	0	0	0	0	0	0	0	0	0	0	0	0	0	0
GCA_902603495.1	0	0	0	0	0	0	0	0	0	0	1	0	0	0	0	0
GCA_902626065.1	1	0	1	0	1	1	1	1	1	1	1	1	1	1	1	1
GCA_902638235.1	1	0	1	0	1	1	1	1	1	1	1	1	1	1	1	1
GCA_902755105.1	1	0	1	0	1	1	1	1	1	1	1	1	1	1	1	1
GCA_902782885.1	0	0	0	0	0	0	0	0	0	0	0	0	0	0	0	0
GCA_902791745.1	1	0	1	0	1	1	1	1	1	1	1	1	1	1	1	1
GCA_902812875.1	1	0	1	0	1	1	1	1	1	1	1	1	1	1	1	1
GCA_902812335.1	1	0	1	0	1	1	1	1	1	1	1	1	1	1	1	1
GCA_903813905.1	0	0	0	0	0	0	0	0	0	0	0	1	1	0	1	0
GCA_902826395.1	1	0	1	0	1	1	1	1	1	1	1	0	1	1	1	1
GCA_903821565.1	1	0	1	0	1	1	1	1	1	1	1	1	1	1	1	1
GCA_903822145.1	1	0	1	0	1	1	1	1	1	1	1	1	1	1	0	1
GCA_903823905.1	0	0	1	0	1	1	1	1	1	1	1	1	1	1	1	1
GCA_903826655.1	1	0	1	0	1	1	1	1	1	1	1	1	1	1	1	1
GCA_903825275.1	1	0	1	0	1	1	1	1	1	1	1	1	1	1	1	1
GCA_903828055.1	1	0	1	0	1	1	1	1	1	1	1	0	1	1	1	1
GCA_903827795.1	1	0	1	0	1	1	1	1	1	1	1	1	1	1	1	1
GCA_903831055.1	1	0	1	0	1	1	1	1	1	1	1	1	1	1	1	1
GCA_903829325.1	1	0	1	0	1	1	1	1	1	1	1	1	1	1	1	1
GCA_903833075.1	0	0	0	0	0	0	0	0	0	0	0	0	0	0	0	0
GCA_903834455.1	1	0	1	0	1	1	1	1	1	1	1	1	1	1	1	1
GCA_903835245.1	1	0	1	0	1	1	1	1	1	1	1	1	1	1	1	1
GCA_903837785.1	1	0	1	0	1	1	1	1	1	1	1	1	1	1	1	1
GCA_903844205.1	1	0	1	0	1	1	1	1	1	1	1	1	1	1	1	1
GCA_903853305.1	1	0	1	0	1	1	1	1	1	1	0	1	1	1	1	1
GCA_903858945.1	1	0	1	0	1	1	1	1	1	1	1	1	1	1	1	1
GCA_903847385.1	0	0	0	0	0	0	0	1	0	0	0	0	0	0	0	0
GCA_903863425.1	1	0	1	0	1	1	1	1	1	1	1	1	1	1	1	1
GCA_903862845.1	1	0	1	0	1	1	1	1	1	1	1	1	1	1	1	1
GCA_903865565.1	1	0	1	0	1	1	1	1	1	1	1	1	1	1	1	1
GCA_903868865.1	1	0	1	0	1	1	1	1	1	1	1	1	1	1	1	1
GCA_903868035.1	0	0	0	0	0	0	0	0	0	0	0	1	0	0	0	0
GCA_903870015.1	1	0	1	0	1	1	1	1	1	1	1	1	1	1	1	1
GCA_903870205.1	0	0	1	0	0	0	0	1	1	0	0	0	1	0	1	0
GCA_903880675.1	1	0	1	0	1	1	1	0	1	1	1	0	1	1	1	1
GCA_903871265.1	1	0	1	0	1	1	1	1	1	1	1	1	1	1	1	1
GCA_903880865.1	1	0	1	0	1	1	1	1	1	1	1	1	1	1	1	1
GCA_903881665.1	1	0	1	0	1	1	1	2	2	1	1	2	1	1	1	1
GCA_903884125.1	0	0	0	0	0	0	1	0	1	0	0	0	0	0	0	0
GCA_903889905.1	1	0	1	0	1	1	1	1	1	1	1	1	1	1	1	1
GCA_903891415.1	1	0	1	0	1	1	1	1	1	1	1	1	1	1	1	1
GCA_903894885.1	0	0	0	0	0	0	0	0	0	0	0	0	0	0	0	0
GCA_903897765.1	0	0	0	0	0	0	0	1	0	0	0	1	0	0	0	0
GCA_903897265.1	1	0	1	0	1	1	1	1	1	1	1	1	1	1	1	1
GCA_903898795.1	1	0	1	0	1	1	1	1	1	1	1	1	1	1	1	1
GCA_903901045.1	1	0	1	0	1	1	1	1	1	1	1	1	1	1	1	1
GCA_903903775.1	1	0	1	0	1	1	1	1	1	1	1	1	1	1	1	1
GCA_903904535.1	0	0	0	0	0	0	0	1	0	0	0	0	0	0	0	0
GCA_903905165.1	1	0	1	0	1	1	1	1	0	1	1	1	1	1	1	1
GCA_903912545.1	1	0	1	0	1	1	1	1	1	1	1	1	1	1	1	1
GCA_903909435.1	1	0	1	0	1	1	1	1	1	1	1	1	1	1	1	1
GCA_903914335.1	1	0	1	0	1	1	1	1	1	1	1	1	1	1	1	1
GCA_903915615.1	1	0	1	0	1	1	1	1	1	1	1	1	1	1	1	1
GCA_903921895.1	1	1	1	1	1	0	1	1	1	1	1	1	1	1	1	1
GCA_903916085.1	1	0	1	0	2	1	1	1	1	1	1	1	1	1	1	1
GCA_903923815.1	1	0	1	0	1	1	1	1	1	1	1	1	1	1	1	1
GCA_903924805.1	1	0	1	0	1	1	1	1	1	1	1	1	1	1	1	1
GCA_903927205.1	1	0	1	0	1	1	1	1	1	1	1	1	1	1	1	1
GCA_903928345.1	1	0	1	0	1	1	1	1	1	1	1	1	1	1	1	1
GCA_903929765.1	1	0	1	0	1	1	1	1	1	1	1	1	1	1	1	1
GCA_903930365.1	1	0	1	0	1	1	1	1	1	1	1	1	1	1	1	1
GCA_903931835.1	1	0	1	0	1	1	1	1	1	1	1	1	1	1	1	1
GCA_903934155.1	1	0	1	0	1	1	1	0	1	1	1	1	1	1	1	1
GCA_903934825.1	1	0	1	0	1	1	1	1	1	1	1	1	1	1	1	1
GCA_903958055.1	1	0	1	0	1	1	1	1	1	1	2	1	1	1	1	1
GCA_903939115.1	1	0	1	0	1	1	1	1	1	1	1	1	1	1	1	1
GCA_905203135.1	1	0	1	0	1	1	1	1	1	0	1	1	1	1	1	1
GCA_903960495.1	1	0	1	0	1	1	1	1	1	1	1	1	1	1	1	1
GCA_905233775.1	1	0	1	0	1	1	1	1	1	1	1	1	1	1	1	1
GCA_905233135.1	1	0	1	0	1	1	1	1	1	1	1	1	1	1	1	1
GCA_905233945.1	1	0	1	0	1	1	1	1	1	1	1	1	1	1	1	1
GCA_905479545.1	0	0	1	0	1	0	1	1	1	0	0	1	0	1	1	0
GCA_905480085.1	1	0	2	0	1	1	1	1	1	1	1	1	1	1	1	1
GCA_905612315.1	1	0	1	0	1	1	1	1	1	1	1	0	1	1	1	1
GCA_905480585.1	1	0	1	0	1	1	1	1	1	1	1	1	0	1	1	1
GCA_905616385.1	0	0	1	1	0	0	1	0	0	0	0	1	0	0	0	0
GCF_000007185.1	1	1	1	1	1	0	1	1	1	1	1	1	1	1	1	1
GCF_000009965.1	1	1	1	1	1	0	1	1	1	1	1	1	1	1	1	1
GCF_000012805.1	1	0	1	0	1	1	1	1	1	1	1	1	1	1	1	1
GCF_000020005.1	1	0	1	0	1	1	1	1	1	1	1	1	1	1	1	1
GCF_000162955.1	1	0	1	0	1	1	1	0	1	1	1	0	1	1	1	1
GCF_000170755.1	1	0	0	0	1	1	1	1	1	1	1	1	1	1	1	1
GCF_000174415.1	1	0	1	0	1	1	1	1	1	1	1	1	1	1	1	1
GCF_000215975.1	1	0	1	0	1	1	1	1	1	1	1	1	1	1	1	1
GCF_000218765.1	1	0	1	0	1	1	1	1	1	1	1	1	1	1	1	1
GCF_000219125.1	1	0	1	0	1	1	1	1	1	1	1	1	1	1	0	1
GCF_000226295.1	1	0	1	0	1	0	1	1	1	1	1	1	1	1	1	1
GCF_000241815.1	1	0	1	0	1	1	1	1	1	1	1	1	1	1	1	1
GCF_000246795.1	1	0	1	0	1	1	1	1	1	1	1	1	1	1	1	1
GCF_000242455.2	1	0	1	0	1	1	1	1	1	1	1	1	1	1	1	1
GCF_000255135.1	1	0	1	0	1	1	1	1	1	1	1	1	1	1	1	1
GCF_000305815.1	1	0	1	0	1	1	1	1	1	1	1	1	1	1	1	1
GCF_000332315.1	1	0	1	0	1	1	1	1	1	1	1	1	1	1	1	1
GCF_000317045.1	1	0	1	0	1	1	1	1	1	1	1	1	1	1	1	1
GCF_000346255.1	1	0	1	0	1	1	1	1	1	1	1	1	1	1	1	1
GCF_000337755.1	1	1	1	0	1	0	1	1	1	1	1	2	1	1	1	1
GCF_000361225.1	1	0	1	0	1	1	1	1	1	1	1	1	1	1	1	1
GCF_000371245.1	1	0	1	0	1	1	1	1	1	1	1	1	1	1	1	1
GCF_000376625.1	1	0	1	0	1	1	1	1	1	1	1	1	1	1	1	1
GCF_000374545.1	1	0	1	0	1	1	1	1	1	1	1	1	1	1	1	1
GCF_000376905.1	1	0	1	0	1	1	1	1	1	1	1	1	1	1	1	1
GCF_000378205.1	1	0	1	0	1	1	1	1	1	1	1	1	1	1	1	1
GCF_000388175.3	1	0	1	0	1	1	1	1	1	1	1	1	1	1	1	1
GCF_000384115.1	1	0	1	0	1	1	1	1	1	1	1	1	1	1	1	1
GCF_000426705.1	1	0	1	0	1	1	1	1	1	1	1	1	1	1	1	1
GCF_000423185.1	1	0	1	0	1	1	1	1	1	1	1	1	1	1	1	1
GCF_000447755.1	1	0	1	0	1	1	1	1	1	1	1	1	1	1	1	1
GCF_000469585.1	1	0	1	0	1	1	1	1	1	1	1	1	1	1	1	1
GCF_000510645.1	1	0	1	0	1	1	1	1	1	1	1	1	1	1	1	1
GCF_000620305.1	1	0	1	0	1	1	1	1	1	1	1	1	1	1	1	1
GCF_000711905.1	1	1	1	1	1	0	1	1	1	1	1	1	1	1	1	1
GCF_000745455.1	1	0	1	0	1	1	1	1	1	1	1	1	1	1	1	1
GCF_000775285.1	1	0	1	0	1	1	1	1	1	1	1	1	1	2	1	1
GCF_000969965.1	1	1	1	1	1	0	1	1	1	1	1	1	1	1	1	1
GCF_000832185.1	1	0	1	0	1	1	1	1	1	1	1	1	1	1	1	1
GCF_001431295.1	1	0	1	0	1	1	1	1	1	1	1	1	1	1	1	1
GCF_001375675.1	1	0	1	0	1	1	1	1	1	1	1	1	1	1	1	1
GCF_001458355.1	1	0	1	0	1	1	1	1	1	1	1	1	1	1	1	1
GCF_001446995.1	1	0	1	0	1	1	1	1	1	1	1	1	1	1	1	1
GCF_001536205.1	1	0	1	0	1	1	1	1	1	1	1	1	1	1	1	1
GCF_001467705.1	1	0	1	0	1	1	1	1	1	1	1	1	1	1	1	1
GCF_001560315.1	1	1	1	1	1	0	1	1	1	1	1	1	1	1	1	1
GCF_001568105.1	1	0	1	0	1	1	1	1	1	1	1	1	1	1	1	1
GCF_001614315.2	1	0	1	0	1	1	1	1	1	1	2	1	1	1	1	1
GCF_001629705.1	1	0	1	0	1	1	1	1	1	1	1	1	1	1	1	1
GCF_001705625.1	1	0	1	0	1	1	1	1	1	1	1	1	1	1	1	1
GCF_001742305.1	1	0	1	0	1	1	1	1	1	1	1	1	1	1	1	1
GCF_001750555.1	1	0	1	0	1	1	1	1	1	1	1	1	1	1	1	1
GCF_001748485.2	1	0	1	0	1	1	1	1	1	1	1	1	1	1	1	1
GCF_001968985.1	1	0	1	0	1	1	1	1	1	1	1	1	1	1	1	1
GCF_001939115.1	1	0	1	0	1	1	1	1	1	1	1	1	1	1	1	1
GCF_002049395.1	1	0	1	0	1	1	1	1	1	1	1	1	1	1	1	1
GCF_002020875.1	1	0	1	0	1	1	1	1	1	1	1	1	1	1	1	1
GCF_002117145.1	1	0	1	0	1	1	1	0	1	1	1	1	1	1	1	1
GCF_002207765.1	1	0	1	0	1	1	1	1	1	1	1	1	1	1	1	1
GCF_002243515.1	1	0	1	0	1	1	1	1	1	1	1	1	1	1	1	1
GCF_002251265.1	1	0	1	0	1	1	1	1	1	1	1	1	1	1	0	1
GCF_002252565.1	1	0	1	0	1	1	1	1	1	1	1	1	1	1	1	1
GCF_002335805.1	1	0	1	0	1	1	1	1	1	1	1	1	1	1	1	1
GCF_002355375.1	1	0	1	0	1	1	1	1	1	1	1	1	1	1	1	1
GCF_002407065.1	1	0	1	0	1	1	1	1	1	1	1	1	1	1	1	1
GCF_002776555.1	1	0	1	0	1	1	1	1	1	1	1	1	1	1	1	1
GCF_002760375.1	1	0	1	0	1	1	1	1	0	1	1	1	1	1	1	1
GCF_002847805.1	1	0	1	0	1	1	1	1	1	1	1	1	1	1	1	1
GCF_002777255.1	1	0	1	0	1	1	1	1	1	1	1	1	1	1	1	1
GCF_002849995.1	0	0	1	0	1	1	1	1	1	1	1	1	1	1	1	1
GCF_002857635.1	1	0	1	0	1	1	1	1	1	1	1	1	1	1	1	1
GCF_002996025.1	1	0	1	0	1	1	1	1	1	1	1	1	1	1	1	1
GCF_003003695.1	1	0	1	0	1	1	1	1	1	1	1	1	1	1	1	1
GCF_003057965.1	1	0	1	0	1	1	1	1	1	1	1	1	1	1	1	1
GCF_003057575.1	1	0	1	0	1	1	1	1	1	1	1	1	1	1	1	1
GCF_003097315.1	1	0	1	0	1	1	1	1	1	1	1	1	1	1	1	1
GCF_003149675.1	1	1	1	1	1	0	1	1	1	1	1	1	1	1	1	1
GCF_003244615.1	1	0	1	0	1	1	1	1	1	1	1	1	1	1	1	1
GCF_003337735.1	1	0	1	0	1	1	1	1	1	1	1	1	1	1	1	1
GCF_003339615.1	1	0	1	0	1	1	1	1	1	1	1	1	1	1	1	1
GCF_003400025.1	1	2	0	1	1	0	1	1	1	1	1	1	1	1	1	1
GCF_003428335.1	1	0	1	0	1	1	1	1	1	1	1	1	1	1	1	1
GCF_003570995.1	1	0	1	0	1	1	1	1	1	1	1	1	1	1	1	1
GCF_003665065.1	1	0	1	0	1	1	1	1	1	1	1	1	1	1	1	1
GCF_003751635.1	1	0	1	0	1	1	1	1	1	1	1	1	1	1	1	1
GCF_003949875.1	1	0	1	0	1	1	1	1	1	1	1	1	1	1	1	1
GCF_003860565.1	1	0	1	0	1	1	1	1	1	1	1	1	1	1	1	1
GCF_003959285.1	1	0	1	0	1	1	1	1	1	1	1	1	1	1	1	1
GCF_003967195.1	1	0	1	0	1	1	1	1	1	1	1	1	1	1	1	1
GCF_003992015.1	1	0	1	0	1	1	1	1	1	1	1	1	1	1	1	1
GCF_004005845.1	1	0	1	0	1	1	1	1	1	1	1	1	1	1	1	1
GCF_004216915.1	1	0	1	0	1	1	1	1	1	1	1	1	1	1	1	1
GCF_004340685.1	1	0	1	0	1	1	1	1	1	1	1	1	1	1	1	1
GCF_004362995.1	1	0	1	0	1	1	1	1	1	1	1	1	1	1	1	1
GCF_004634385.1	1	0	1	0	1	1	1	1	1	1	1	1	1	1	1	1
GCF_006517175.1	1	0	1	0	1	1	1	1	1	1	1	1	1	1	1	1
GCF_007595645.1	1	0	1	0	1	1	1	1	1	1	1	1	0	1	1	1
GCF_008244535.1	1	0	1	0	1	1	1	1	1	1	1	1	0	1	1	1
GCF_007751945.1	1	0	1	0	1	1	1	1	1	1	1	1	1	1	1	1
GCF_008274965.1	1	0	1	0	1	1	1	1	1	1	1	1	1	1	1	1
GCF_008326305.1	1	0	1	0	1	1	1	1	1	1	1	1	0	1	0	1
GCF_009709195.1	1	0	1	0	1	1	1	1	1	1	1	1	1	1	1	1
GCF_008933955.1	1	0	1	0	0	1	1	1	1	1	1	1	1	1	1	1
GCF_010499435.1	1	0	1	0	1	1	1	1	1	1	1	1	1	0	1	1
GCF_009901565.1	0	0	1	0	1	1	1	1	1	0	1	1	1	1	0	1
GCF_011064545.1	1	0	1	0	1	1	1	1	1	1	1	1	1	1	1	1
GCF_011250595.1	1	0	1	0	1	1	1	1	1	1	1	1	1	1	1	1
GCF_011812985.1	1	0	1	0	1	1	1	1	0	1	1	1	1	1	1	1
GCF_012568845.1	1	0	1	0	1	1	1	1	1	1	1	1	1	1	0	1
GCF_012955605.1	1	0	1	0	1	1	1	1	1	1	1	1	1	1	1	1
GCF_013282055.1	1	0	1	0	1	1	1	1	1	1	1	1	1	1	1	1
GCF_013303125.1	1	0	1	0	1	1	1	1	1	0	1	1	1	1	0	1
GCF_013409775.1	0	0	1	0	1	1	1	1	1	0	0	0	1	1	1	1
GCF_013868055.1	1	0	1	0	1	1	1	1	1	1	1	1	1	1	1	1
GCF_014217765.1	1	0	1	0	1	1	1	1	1	1	1	1	1	1	1	1
GCF_014646935.1	1	0	1	0	0	1	1	1	1	1	1	1	0	1	1	1
GCF_014695385.1	0	0	1	0	1	1	1	0	1	1	1	1	1	1	0	1
GCF_014696065.1	1	0	1	0	1	1	1	1	1	1	1	1	1	1	1	1
GCF_014698215.1	1	0	1	0	1	1	1	1	1	1	1	1	1	1	1	1
GCF_014698895.1	1	0	1	0	1	1	1	1	1	1	0	1	1	1	0	1
GCF_014748375.1	1	0	1	0	1	1	1	1	1	1	1	1	1	1	1	1
GCF_014841895.1	1	0	1	0	1	1	1	1	0	1	1	1	1	1	1	1
GCF_015549205.1	1	0	1	0	1	1	1	1	1	1	1	1	1	1	0	1
GCF_014931565.1	1	0	1	0	1	0	1	1	1	1	1	1	1	1	1	1
GCF_016629505.1	1	0	1	0	1	1	1	1	1	1	1	1	1	1	1	1
GCF_016908315.1	1	0	1	0	1	1	1	1	1	1	1	1	1	1	1	1
GCF_017298635.1	1	0	1	0	1	1	1	1	1	1	1	1	1	1	1	1
GCF_017377855.1	1	0	1	0	1	1	1	1	1	1	1	1	1	1	1	1
GCF_017874545.1	1	0	1	0	1	1	1	1	1	1	0	1	1	1	1	1
GCF_017875395.1	1	1	1	1	1	0	1	1	1	1	1	1	1	1	1	1
GCF_018107685.1	1	0	1	0	1	1	1	1	1	1	1	1	1	1	1	1
GCF_018588215.1	1	0	1	0	1	1	1	1	1	1	1	1	1	1	0	1
GCF_018802225.1	1	0	1	0	1	1	1	1	1	1	1	1	1	1	1	1
GCF_018604565.1	1	0	1	0	1	1	1	1	1	1	1	1	1	1	1	1
GCF_018835585.1	1	0	1	0	1	1	1	1	1	1	1	1	1	1	0	1
GCF_019039055.1	1	0	1	0	1	1	1	1	1	1	1	1	1	0	1	1
GCF_900102855.1	1	0	1	0	1	1	1	1	1	1	1	1	1	1	1	1
GCF_900104455.1	1	0	1	0	1	1	1	1	1	1	1	1	1	1	1	1
GCF_900105175.1	1	0	1	0	1	1	1	1	1	1	1	1	0	1	1	1
GCF_900107645.1	1	0	1	0	1	1	1	1	1	1	1	1	1	1	1	1
GCF_900112605.1	1	0	1	0	1	1	1	1	1	1	1	1	1	1	1	1
GCF_900142275.1	1	0	1	0	1	1	1	1	1	1	1	1	1	1	1	1
GCF_900168145.1	1	0	1	0	1	1	1	1	1	1	1	1	1	1	1	1
GCF_900407355.1	1	0	1	0	1	1	1	1	1	1	1	1	1	1	1	1
GCF_900177705.1	1	0	1	0	1	1	1	1	1	1	1	1	1	1	1	1
GCF_900538055.1	1	0	1	0	1	1	1	1	1	1	1	1	1	1	1	1
GCF_900983915.1	1	0	1	0	1	1	1	1	1	1	1	1	1	1	1	1
GCF_900683915.1	1	0	1	0	1	1	1	1	1	1	1	1	1	1	1	1
GCF_902375525.1	1	0	1	0	1	1	1	1	1	1	1	1	1	1	1	1
GCF_902810565.1	1	1	1	1	1	0	1	1	1	1	1	1	1	1	1	1
refined_concoct_gx1a_bin_81-contigs	1	0	1	1	1	0	1	1	1	0	0	1	1	1	1	0
refined_concoct_gx1a_bin_19-contigs	0	0	1	0	1	0	1	1	1	1	2	1	0	1	1	1
refined_concoct_gx1b_bin_5-contigs	1	0	1	1	1	0	1	1	1	0	0	1	1	2	1	0
refined_concoct_gx2a_bin_46-contigs	1	0	1	0	1	1	0	1	1	1	1	1	1	1	1	1
refined_concoct_gx2a_bin_45-contigs	0	0	0	0	1	0	0	1	1	1	1	0	1	0	1	1
refined_concoct_gx2b_bin_81-contigs	0	0	1	1	1	0	0	1	1	1	1	0	0	0	0	1
refined_concoct_gx3b_bin_8-contigs	1	0	0	1	1	0	0	0	1	1	1	1	1	1	1	1
refined_concoct_gx3b_bin_1_sub-contigs	1	0	1	0	0	1	1	1	0	1	1	0	1	0	0	1
refined_concoct_hx1a_bin_2-contigs	1	0	1	0	0	1	1	0	1	1	1	1	1	1	1	1
refined_concoct_hx1a_bin_56-contigs	1	0	1	0	1	1	1	1	1	1	0	1	1	1	1	0
refined_concoct_hx1a_bin_5_sub-contigs	1	0	1	0	1	1	0	0	0	1	1	0	1	0	1	1
refined_concoct_hx1b_bin_101_sub-contigs	1	0	1	0	0	1	0	1	1	1	1	1	1	1	0	1
refined_concoct_hx1b_bin_55_sub-contigs	1	1	0	0	0	0	0	0	2	0	0	0	0	0	0	1
refined_concoct_hx1b_bin_6_sub-contigs	1	0	1	0	1	1	1	1	1	1	0	1	1	2	0	1
refined_concoct_hx2a_bin_9_sub-contigs	1	0	1	0	1	0	0	1	1	0	1	0	1	1	1	0
refined_concoct_hx2b_bin_136_sub-contigs	0	0	0	0	0	0	0	0	1	0	1	0	0	1	0	1
refined_concoct_hx3a_bin_88_sub-contigs	0	0	0	0	1	1	1	0	1	1	1	0	1	1	0	1
refined_concoct_hx3b_bin_14-contigs	1	0	1	1	1	0	0	0	1	1	1	1	1	0	1	1
refined_concoct_hx3b_bin_63-contigs	1	0	1	0	0	1	1	1	0	0	1	1	1	0	0	1
refined_concoct_sk1b_bin_29_sub-contigs	1	0	1	0	1	1	1	0	0	1	1	0	1	1	1	1
refined_concoct_sk2a_bin_26_sub-contigs	1	0	1	0	1	0	0	1	0	1	1	1	1	1	1	1
refined_concoct_sk1b_bin_44-contigs	1	0	1	0	1	1	1	1	1	1	1	1	1	1	1	1
refined_concoct_sk2b_bin_57-contigs	1	0	1	0	0	1	0	1	1	1	1	0	1	0	0	1
refined_concoct_sk2a_bin_92_sub-contigs	0	0	0	0	0	0	0	0	0	0	1	1	0	0	0	0
refined_concoct_sk3a_bin_114_sub-contigs	0	0	1	0	1	0	1	1	1	0	1	0	1	1	0	1
refined_concoct_sk3a_bin_117-contigs	1	0	1	0	1	1	1	1	1	1	1	1	1	1	1	1
refined_concoct_sk3b_bin_121-contigs	1	1	1	1	1	0	1	1	1	0	0	1	0	1	1	0
refined_concoct_sk3b_bin_127_sub-contigs	1	0	1	0	1	1	1	1	1	1	2	0	1	1	1	1
refined_concoct_sk3b_bin_63_sub-contigs	1	0	0	0	1	1	1	1	1	1	1	1	1	1	1	0
refined_concoct_sk3a_bin_73-contigs	1	0	1	0	1	1	1	1	1	1	1	1	1	1	1	1
refined_fconcoct_hx3b_bin_105-contigs	1	0	0	0	1	1	1	0	1	1	1	0	1	1	0	1
refined_fmaxbin2_hx3b_bin021_sub-contigs	0	0	0	0	0	0	0	1	1	0	0	1	0	0	0	0
refined_maxbin2_gx1a_bin045-contigs	1	0	1	0	1	1	1	1	1	1	1	1	1	1	1	1
refined_i_metabat2_hx3b_bin_51_sub-contigs	0	0	1	0	1	0	1	1	1	0	0	1	1	2	1	0
refined_maxbin2_gx1a_bin062-contigs	0	0	0	0	1	0	1	1	1	1	0	1	0	1	2	1
refined_maxbin2_gx1a_bin069-contigs	1	0	1	0	1	1	1	1	0	0	1	1	1	1	1	1
refined_maxbin2_gx1a_bin112-contigs	1	0	1	0	1	1	1	1	1	1	1	1	1	1	0	1
refined_maxbin2_gx1a_bin090-contigs	0	0	0	0	0	0	0	0	0	1	0	0	0	0	0	0
refined_maxbin2_gx1b_bin069-contigs	1	0	1	0	1	1	1	1	1	1	1	1	1	1	1	1
refined_maxbin2_gx2b_bin062-contigs	0	0	0	0	1	0	1	1	1	0	1	1	0	1	0	1
refined_maxbin2_gx2b_bin063_sub-contigs	0	0	1	1	2	0	1	1	0	1	0	0	0	0	1	1
refined_maxbin2_gx3a_bin106_sub-contigs	1	0	1	0	1	1	1	1	1	1	1	1	1	1	1	1
refined_maxbin2_gx3a_bin093-contigs	1	0	1	0	1	1	1	1	1	1	1	1	1	1	1	1
refined_maxbin2_gx3b_bin094_sub-contigs	0	0	0	0	0	0	0	1	0	0	0	1	0	0	0	0
refined_maxbin2_hx1a_bin0044-contigs	1	0	1	0	1	1	0	0	0	1	1	0	1	0	1	1
refined_maxbin2_hx1a_bin099-contigs	2	0	1	0	1	1	0	2	1	1	0	1	1	1	1	0
refined_maxbin2_hx1a_bin026-contigs	1	0	1	0	1	1	1	1	1	1	1	1	1	1	1	1
refined_maxbin2_hx1a_bin154-contigs	1	0	1	0	0	1	0	1	1	0	1	1	1	0	1	1
refined_maxbin2_hx1b_bin049-contigs	1	0	1	0	1	1	1	1	1	1	1	1	1	1	1	1
refined_maxbin2_hx1b_bin051_sub_1-contigs	1	0	1	0	1	0	1	1	1	0	1	1	1	1	1	1
refined_maxbin2_hx1b_bin156_sub-contigs	1	0	0	0	0	1	0	1	1	1	0	0	1	0	0	1
refined_maxbin2_hx2a_bin088_sub-contigs	1	0	1	0	1	1	0	1	1	0	1	0	1	1	1	2
refined_maxbin2_hx2a_bin029_sub_1-contigs	1	0	1	0	1	1	1	1	1	1	1	1	1	1	1	1
refined_maxbin2_hx2a_bin107_sub-contigs	1	0	1	0	1	1	1	1	1	1	1	1	1	1	1	1
refined_maxbin2_hx2b_bin099_sub-contigs	1	0	1	0	1	1	1	1	0	1	1	0	0	1	1	1
refined_maxbin2_hx2b_bin056-contigs	1	0	1	0	1	1	1	1	1	1	1	1	1	1	1	1
refined_maxbin2_hx3a_bin130_sub_4-contigs	0	0	1	0	1	1	1	1	1	1	1	1	1	1	1	1
refined_maxbin2_hx3b_bin150_sub-contigs	0	0	0	0	1	0	1	0	1	1	1	0	0	1	1	0
refined_maxbin2_sk1b_bin023_sub-contigs	1	0	1	1	1	0	1	1	2	1	2	0	1	1	1	2
refined_maxbin2_hx3a_bin186_sub-contigs	1	0	1	0	0	1	0	1	1	1	1	1	1	0	1	1
refined_maxbin2_sk2b_bin038-contigs	1	0	1	0	1	1	1	1	1	1	1	1	1	1	1	1
refined_maxbin2_sk3b_bin031-contigs	1	1	2	1	1	0	1	1	1	1	1	0	1	1	1	1
refined_metabat2_gx1a_bin_23-contigs	1	0	1	0	1	1	1	1	1	1	1	1	1	1	1	0
refined_metabat2_gx1b_bin_10-contigs	0	0	1	0	1	1	1	1	1	1	1	0	1	0	1	1
refined_metabat2_gx1b_bin_14-contigs	1	0	1	0	1	1	1	1	1	1	1	1	1	1	1	1
refined_metabat2_gx1b_bin_22-contigs	0	0	1	0	1	0	1	0	1	0	1	0	1	1	1	1
refined_metabat2_gx1b_bin_29-contigs	0	0	1	0	1	0	1	1	1	0	1	1	1	1	1	1
refined_metabat2_gx2a_bin_30-contigs	1	0	1	0	1	1	1	0	1	1	1	0	1	1	1	1
refined_metabat2_gx1b_bin_7-contigs	1	0	1	0	1	1	1	0	1	1	1	1	1	1	1	1
refined_metabat2_gx2b_bin_22_sub-contigs	1	0	1	0	1	1	0	1	1	1	1	1	1	1	0	1
refined_metabat2_gx2b_bin_12-contigs	1	0	1	0	0	1	0	1	0	1	0	1	1	0	1	1
refined_metabat2_gx2b_bin_25_sub-contigs	1	0	1	0	1	1	1	1	1	1	0	0	1	0	1	1
refined_metabat2_gx2b_bin_27-contigs	1	0	0	0	0	1	1	0	0	1	1	0	1	1	0	1
refined_metabat2_gx2b_bin_34-contigs	0	0	1	0	1	0	1	1	1	0	0	1	1	1	1	0
refined_metabat2_gx2b_bin_7-contigs	1	0	1	0	1	1	1	0	1	1	1	1	1	1	1	1
refined_metabat2_gx2b_bin_28-contigs	1	0	1	0	1	1	1	1	1	1	1	1	1	1	1	1
refined_metabat2_gx3a_bin_13-contigs	1	0	1	0	0	1	0	0	0	1	1	0	1	0	0	1
refined_metabat2_gx3a_bin_17-contigs	1	0	1	0	1	1	1	1	1	1	1	1	1	1	1	1
refined_metabat2_gx3a_bin_40-contigs	1	0	1	0	1	1	1	0	1	0	0	0	1	1	1	0
refined_metabat2_gx3a_bin_36-contigs	1	0	1	0	1	1	1	0	1	1	1	0	1	1	1	1
refined_metabat2_gx3a_bin_4-contigs	1	0	1	0	1	1	1	0	0	1	1	0	1	1	1	1
refined_metabat2_gx3b_bin_13-contigs	1	0	1	0	0	1	0	0	1	1	1	0	1	0	1	1
refined_metabat2_gx3b_bin_17-contigs	0	0	1	0	1	0	0	1	1	0	1	1	0	0	1	1
refined_metabat2_gx3b_bin_19-contigs	1	0	1	0	1	1	1	1	1	1	1	0	1	1	1	1
refined_metabat2_gx3b_bin_1-contigs	1	1	0	1	1	0	0	0	0	0	0	0	1	0	0	0
refined_metabat2_gx3b_bin_21_sub-contigs	1	0	1	0	1	1	1	1	1	1	1	0	1	1	0	2
refined_metabat2_gx3b_bin_24-contigs	1	0	1	0	1	1	1	1	1	1	1	1	1	1	1	1
refined_metabat2_gx3b_bin_7-contigs	1	0	1	0	1	1	1	2	1	1	0	1	1	1	1	1
refined_metabat2_gx3b_bin_9-contigs	1	0	1	0	0	1	1	0	1	1	1	0	1	1	1	1
refined_metabat2_hx1a_bin_11-contigs	1	0	0	0	1	1	1	1	1	1	1	1	0	1	0	1
refined_metabat2_hx1a_bin_12-contigs	1	0	1	0	1	1	1	1	1	1	1	1	1	1	1	1
refined_metabat2_hx1a_bin_13-contigs	1	0	0	0	1	1	0	1	1	1	1	1	1	1	0	1
refined_metabat2_hx1a_bin_16-contigs	1	0	1	0	1	0	0	1	1	1	1	1	1	1	1	1
refined_metabat2_hx1a_bin_20_sub-contigs	0	0	0	0	0	0	0	0	0	0	1	0	0	0	0	1
refined_metabat2_hx1a_bin_32_sub-contigs	0	0	1	0	0	0	0	1	1	0	1	0	1	0	1	0
refined_metabat2_hx1a_bin_36-contigs	1	0	1	0	1	1	1	1	1	1	0	1	1	1	1	0
refined_metabat2_hx1a_bin_8_sub-contigs	1	0	1	0	0	2	0	1	1	2	2	1	1	0	0	2
refined_metabat2_hx1a_bin_46-contigs	1	0	1	0	1	1	1	1	1	1	1	1	1	1	1	1
refined_metabat2_hx1b_bin_10-contigs	2	0	1	0	1	2	1	1	1	1	1	1	1	1	0	1
refined_metabat2_hx1b_bin_13_sub-contigs	1	0	1	0	0	0	0	1	1	0	1	0	1	0	1	1
refined_metabat2_hx1b_bin_1_sub-contigs	1	0	1	0	1	1	0	1	1	1	1	0	1	1	1	0
refined_metabat2_hx1b_bin_32-contigs	1	0	1	0	1	1	1	1	1	1	1	1	1	1	1	1
refined_metabat2_hx1b_bin_36-contigs	1	0	1	0	1	1	1	1	1	1	1	1	1	1	1	1
refined_metabat2_hx1b_bin_47_sub_1-contigs	1	0	1	0	1	0	1	1	1	1	1	1	1	1	1	1
refined_metabat2_hx1b_bin_63-contigs	0	0	0	0	0	0	0	1	1	0	0	1	0	0	0	0
refined_metabat2_hx1b_bin_67_1-contigs	1	0	1	0	1	1	1	1	1	1	1	1	1	1	0	1
refined_metabat2_hx1b_bin_70-contigs	0	0	0	0	1	1	1	1	1	1	1	1	0	1	1	1
refined_metabat2_hx2a_bin_10_sub-contigs	1	0	1	0	1	0	1	0	0	0	1	0	1	1	1	0
refined_metabat2_hx2a_bin_13-contigs	0	0	1	0	1	0	1	1	1	0	0	1	1	1	1	0
refined_metabat2_hx2a_bin_2-contigs	0	0	0	0	0	0	0	1	1	0	0	1	0	0	0	0
refined_metabat2_hx2a_bin_30_sub-contigs	1	0	1	0	0	1	0	0	0	1	0	0	1	0	1	0
refined_metabat2_hx2a_bin_34-contigs	1	0	0	0	0	1	0	1	1	0	1	1	1	0	0	1
refined_metabat2_hx2a_bin_36-contigs	1	0	1	0	1	1	1	1	1	1	1	1	1	1	1	1
refined_metabat2_hx2a_bin_40_sub-contigs	1	0	0	0	0	1	0	1	0	1	1	1	1	0	0	1
refined_metabat2_hx2a_bin_46-contigs	1	0	1	0	1	1	1	1	1	1	1	1	1	1	1	1
refined_metabat2_hx2a_bin_52_2-contigs	1	0	1	0	1	1	0	1	0	1	1	1	1	1	2	1
refined_metabat2_hx2a_bin_5_sub-contigs	1	0	1	0	1	1	0	1	1	1	0	1	1	1	1	0
refined_metabat2_hx2b_bin_11_10-contigs	1	0	1	0	1	1	1	1	1	1	1	1	1	1	1	1
refined_metabat2_hx2b_bin_15-contigs	1	0	1	0	1	1	1	1	1	1	1	1	2	0	1	1
refined_metabat2_hx2b_bin_18_sub-contigs	1	0	1	0	1	1	0	1	1	1	0	1	1	1	1	1
refined_metabat2_hx2b_bin_20_sub-contigs	1	0	1	0	1	1	1	1	1	1	1	1	1	1	1	1
refined_metabat2_hx2b_bin_14-contigs	1	0	1	0	1	1	0	1	1	1	1	0	1	0	1	1
refined_metabat2_hx2b_bin_27_sub-contigs	2	1	1	0	1	0	1	1	1	1	1	0	2	1	1	1
refined_metabat2_hx2b_bin_22_4-contigs	0	0	0	0	1	1	1	1	1	1	1	1	0	1	0	1
refined_metabat2_hx2b_bin_30_sub_1-contigs	1	0	1	0	1	0	1	1	1	1	1	1	1	1	1	1
refined_metabat2_hx2b_bin_31_5-contigs	1	0	1	0	1	1	1	1	1	1	1	1	1	1	1	1
refined_metabat2_hx2b_bin_32_1-contigs	1	0	1	0	1	1	1	1	1	1	1	1	1	1	1	1
refined_metabat2_hx2b_bin_36_sub-contigs	1	0	1	0	1	1	1	1	1	2	1	1	1	1	1	2
refined_metabat2_hx2b_bin_42_sub_1-contigs	1	0	1	0	1	1	1	1	1	1	1	0	1	1	0	1
refined_metabat2_hx2b_bin_61_1-contigs	1	0	1	0	1	1	0	0	0	1	1	0	1	1	1	1
refined_metabat2_hx2b_bin_47_1-contigs	1	0	1	0	1	1	1	1	1	1	1	1	1	1	1	1
refined_metabat2_hx2b_bin_63_sub_3-contigs	1	0	1	0	1	1	1	1	1	1	1	1	1	1	1	1
refined_metabat2_hx3a_bin_12-contigs	1	0	1	0	1	1	1	1	1	1	1	1	1	1	1	1
refined_metabat2_hx2b_bin_72_sub_12-contigs	1	0	1	0	0	1	0	1	1	1	1	1	1	0	0	1
refined_metabat2_hx3a_bin_13-contigs	1	0	1	0	0	1	1	1	1	1	1	0	1	0	1	1
refined_metabat2_hx3a_bin_14-contigs	1	0	0	0	1	1	1	0	1	1	1	0	1	1	1	1
refined_metabat2_hx3a_bin_1-contigs	0	0	0	0	1	0	1	0	1	0	0	0	0	1	1	0
refined_metabat2_hx3a_bin_23-contigs	1	0	0	0	1	1	1	1	1	1	1	2	1	1	1	1
refined_metabat2_hx3a_bin_22_14-contigs	0	0	0	0	0	0	1	1	1	0	0	2	0	0	0	0
refined_metabat2_hx3a_bin_28-contigs	1	0	1	0	1	1	1	1	1	1	1	1	1	0	1	1
refined_metabat2_hx3a_bin_26-contigs	1	0	1	0	1	1	0	1	1	1	1	0	1	0	1	1
refined_metabat2_hx3a_bin_30-contigs	1	0	1	0	1	1	1	1	1	1	1	0	1	1	1	1
refined_metabat2_hx3a_bin_40_4-contigs	1	0	1	0	1	1	1	1	1	1	1	1	1	1	0	0
refined_metabat2_hx3a_bin_38_7-contigs	1	0	1	0	1	1	1	1	2	0	0	0	1	0	1	0
refined_metabat2_hx3a_bin_48-contigs	1	0	1	0	1	1	1	2	1	1	1	2	1	1	1	1
refined_metabat2_hx3a_bin_47-contigs	1	0	1	0	1	1	1	0	0	0	1	0	1	1	1	1
refined_metabat2_hx3a_bin_51-contigs	1	0	1	0	1	1	1	1	1	1	1	1	1	0	1	1
refined_metabat2_hx3a_bin_57_1-contigs	1	0	1	0	1	1	1	1	1	1	1	1	1	1	1	1
refined_metabat2_hx3a_bin_61-contigs	1	0	1	0	1	1	1	1	1	1	1	1	1	1	1	1
refined_metabat2_hx3b_bin_11_12-contigs	0	0	1	0	1	1	1	1	1	1	1	1	1	2	1	1
refined_metabat2_hx3b_bin_28-contigs	1	0	1	0	1	1	1	1	1	0	1	0	1	1	1	1
refined_metabat2_hx3b_bin_12-contigs	1	0	1	0	0	1	1	1	1	0	0	1	1	0	0	0
refined_metabat2_hx3b_bin_38_sub-contigs	1	0	1	0	1	1	1	0	0	1	1	0	1	1	1	1
refined_metabat2_hx3b_bin_34-contigs	1	0	1	0	1	1	0	0	0	0	1	0	1	1	1	1
refined_metabat2_hx3b_bin_49-contigs	1	0	1	0	1	1	0	1	0	1	1	1	1	1	1	1
refined_metabat2_hx3b_bin_54_1-contigs	1	0	1	0	1	1	1	1	1	1	1	1	1	1	1	1
refined_metabat2_hx3b_bin_56-contigs	1	0	1	0	1	1	0	1	1	1	1	1	1	1	1	1
refined_metabat2_hx3b_bin_64-contigs	0	1	2	0	0	0	0	0	1	0	1	0	0	1	0	0
refined_metabat2_hx3b_bin_62_2-contigs	1	0	1	0	1	1	1	1	1	1	1	1	1	1	1	1
refined_metabat2_hx3b_bin_67_sub-contigs	1	0	0	0	1	1	1	0	0	1	0	0	0	1	0	1
refined_metabat2_hx3b_bin_66-contigs	1	0	1	0	1	1	1	1	1	1	1	1	1	1	1	1
refined_metabat2_hx3b_bin_8-contigs	1	0	0	0	1	1	1	0	0	1	1	1	1	1	0	1
refined_metabat2_hx3b_bin_9_sub-contigs	1	0	1	0	1	1	1	0	1	1	0	1	1	1	1	1
refined_metabat2_sk1a_bin_11_1-contigs	1	0	1	0	1	1	0	0	1	0	1	1	1	1	1	1
refined_metabat2_sk1a_bin_24_1-contigs	1	1	1	1	1	0	1	1	1	1	1	3	1	1	1	1
refined_metabat2_sk1a_bin_20_1-contigs	1	0	1	0	1	1	0	0	0	1	1	0	1	1	1	1
refined_metabat2_sk1a_bin_33_1-contigs	1	0	0	1	0	1	1	1	1	1	1	0	1	1	0	1
refined_metabat2_sk1a_bin_41-contigs	0	0	0	0	1	1	1	1	1	1	1	1	0	1	1	1
refined_metabat2_sk1a_bin_3_sub_1-contigs	1	0	1	0	0	1	0	1	1	0	0	1	1	0	1	0
refined_metabat2_sk1a_bin_48_4-contigs	1	1	1	0	1	0	0	1	0	1	1	0	1	0	1	1
refined_metabat2_sk1a_bin_55_1-contigs	1	0	1	0	1	1	1	0	0	1	1	0	1	1	0	1
refined_metabat2_sk1b_bin_17-contigs	1	0	1	0	1	1	1	1	1	1	1	1	1	1	1	1
refined_metabat2_sk1b_bin_21-contigs	0	1	0	1	1	0	1	1	1	1	1	0	1	1	1	1
refined_metabat2_sk1b_bin_31-contigs	0	1	1	1	0	0	0	1	1	0	0	0	0	0	0	0
refined_metabat2_sk1b_bin_38_sub-contigs	0	0	0	0	0	0	1	1	1	0	1	0	0	1	0	1
refined_metabat2_sk1b_bin_32-contigs	1	0	1	0	1	0	0	0	1	0	0	1	1	1	1	0
refined_metabat2_sk1b_bin_39-contigs	1	0	1	0	1	1	1	1	1	1	0	0	1	1	1	1
refined_metabat2_sk1b_bin_41-contigs	1	0	1	0	1	1	1	1	1	1	1	1	1	1	1	1
refined_metabat2_sk1b_bin_42-contigs	1	1	1	0	1	0	1	1	1	1	1	1	1	1	1	1
refined_metabat2_sk1b_bin_43-contigs	1	1	1	1	1	0	1	1	1	1	1	2	1	0	0	1
refined_metabat2_sk1b_bin_65-contigs	1	0	1	0	1	1	1	1	0	1	1	1	1	1	1	1
refined_metabat2_sk1b_bin_5-contigs	1	0	1	0	0	1	1	1	1	1	1	1	1	0	1	1
refined_metabat2_sk1b_bin_66-contigs	1	0	1	0	1	1	1	1	1	0	0	1	1	1	1	0
refined_metabat2_sk1b_bin_78-contigs	1	1	1	1	1	0	1	1	1	0	1	1	1	1	1	1
refined_metabat2_sk1b_bin_70-contigs	1	0	1	0	1	1	1	1	1	1	1	1	1	1	1	1
refined_metabat2_sk2a_bin_28-contigs	1	1	1	1	0	0	1	1	1	1	1	1	1	0	0	1
refined_metabat2_sk2a_bin_14-contigs	1	0	1	0	1	1	1	1	1	1	1	1	1	1	1	1
refined_metabat2_sk2a_bin_30-contigs	1	0	1	0	1	1	1	1	1	1	1	0	1	1	1	1
refined_metabat2_sk2a_bin_35-contigs	0	0	1	0	0	0	0	0	0	1	1	1	1	0	1	1
refined_metabat2_sk2a_bin_33-contigs	1	1	1	0	1	0	0	1	1	1	1	0	1	1	1	1
refined_metabat2_sk2a_bin_41-contigs	1	1	1	1	0	0	1	1	1	1	1	4	1	0	0	1
refined_metabat2_sk2a_bin_42-contigs	1	0	1	0	1	1	2	1	1	1	1	1	1	2	1	1
refined_metabat2_sk2a_bin_4-contigs	1	0	1	0	1	1	1	1	1	1	1	1	1	1	1	1
refined_metabat2_sk2a_bin_58-contigs	1	1	0	1	1	0	1	1	1	1	1	1	1	1	1	1
refined_metabat2_sk2a_bin_68-contigs	1	0	1	0	1	1	1	1	1	1	1	0	1	1	1	1
refined_metabat2_sk2b_bin_16-contigs	1	1	1	1	0	0	1	1	0	1	1	1	1	0	0	1
refined_metabat2_sk2a_bin_7-contigs	1	0	1	0	1	1	1	1	1	1	1	1	1	1	1	1
refined_metabat2_sk2b_bin_23-contigs	1	0	1	0	0	1	1	1	1	1	1	1	1	1	1	1
refined_metabat2_sk2b_bin_24-contigs	1	0	1	0	1	1	1	1	1	0	0	1	1	1	1	0
refined_metabat2_sk2b_bin_29-contigs	1	1	1	1	0	0	1	1	1	1	1	1	1	0	0	1
refined_metabat2_sk2b_bin_36-contigs	1	0	1	1	1	0	0	1	0	1	1	1	1	0	1	1
refined_metabat2_sk2b_bin_34-contigs	1	0	1	0	1	1	1	1	1	1	1	1	1	1	1	1
refined_metabat2_sk2b_bin_40-contigs	0	0	1	0	1	0	0	1	1	0	1	0	1	1	1	1
refined_metabat2_sk2b_bin_37-contigs	1	0	1	0	1	0	1	1	1	1	0	1	1	1	1	1
refined_metabat2_sk2b_bin_5-contigs	1	0	1	0	1	1	1	1	1	1	0	1	1	1	1	1
refined_metabat2_sk2b_bin_48_sub-contigs	0	0	0	1	1	0	1	1	1	0	0	0	1	1	1	0
refined_metabat2_sk3a_bin_10-contigs	0	0	0	0	1	0	1	1	1	0	0	1	0	1	0	0
refined_metabat2_sk3a_bin_13-contigs	0	1	0	1	1	0	1	1	1	1	1	0	0	1	1	1
refined_metabat2_sk3a_bin_12-contigs	1	0	1	0	0	1	0	1	1	1	1	1	1	0	0	1
refined_metabat2_sk3a_bin_16-contigs	1	0	1	0	1	1	0	0	1	1	1	1	1	1	1	1
refined_metabat2_sk3a_bin_15-contigs	1	0	1	0	1	1	1	1	1	1	1	1	1	1	1	1
refined_metabat2_sk3a_bin_34-contigs	0	2	1	1	1	0	0	1	0	1	1	0	0	0	0	1
refined_metabat2_sk3a_bin_27-contigs	1	0	1	0	1	1	0	0	0	1	1	0	1	1	0	1
refined_metabat2_sk3a_bin_38-contigs	1	1	1	1	1	0	1	1	1	1	1	1	1	1	1	1
refined_metabat2_sk3a_bin_40-contigs	1	1	1	1	0	0	0	1	1	1	0	1	1	0	0	1
refined_metabat2_sk3a_bin_3-contigs	1	0	1	0	1	1	1	1	1	1	1	1	1	1	1	1
refined_metabat2_sk3b_bin_12-contigs	1	1	1	1	1	0	0	0	0	1	1	0	1	1	1	1
refined_metabat2_sk3b_bin_18-contigs	1	0	1	0	1	1	1	1	1	1	1	0	1	1	1	1
refined_metabat2_sk3b_bin_19-contigs	0	0	0	0	0	0	1	1	1	0	1	1	0	0	0	1
refined_metabat2_sk3a_bin_50-contigs	1	0	1	0	1	1	1	1	1	1	1	1	1	1	1	1
refined_metabat2_sk3b_bin_31-contigs	1	0	1	0	1	1	1	0	1	1	1	1	1	1	0	1
refined_metabat2_sk3b_bin_29-contigs	1	0	1	0	1	1	1	1	1	1	1	1	1	1	1	1
refined_metabat2_sk3b_bin_42-contigs	1	1	1	1	0	0	0	1	1	1	1	1	1	0	0	0
refined_metabat2_sk3b_bin_36-contigs	1	0	1	0	1	1	0	1	1	1	1	1	1	1	1	1
refined_metabat2_sk3b_bin_45_sub-contigs	1	0	1	0	0	1	1	0	1	1	0	0	1	0	1	1
refined_metabat2_sk3b_bin_47-contigs	1	0	1	0	1	1	1	1	1	1	1	1	1	1	1	1
refined_metabat2_sk3b_bin_53-contigs	2	0	1	1	0	0	1	0	1	1	1	1	1	1	1	1
refined_metabat2_sk3b_bin_49-contigs	1	0	1	0	1	1	1	1	1	1	1	1	1	1	1	1
refined_metabat2_sk3b_bin_56-contigs	1	1	1	1	1	0	1	1	1	1	1	0	1	1	1	1
refined_metabat2_sk3b_bin_58-contigs	1	0	1	0	1	1	0	1	1	0	0	1	1	1	1	0
